Specialization,District,Doctor Name,Hospital Name,Latitude,Longitude
Dermatologist,Thiruvananthapuram,Dr. Priya Patel,Sree Chitra Tirunal Institute,8.051549,76.280535
Dermatologist,Thiruvananthapuram,Dr. Rajesh Patel,PRS Hospital,8.163107,77.151615
Dermatologist,Thiruvananthapuram,Dr. Sunita Rao,PRS Hospital,8.566184,76.84493
Dermatologist,Thiruvananthapuram,Dr. Amit Sharma,PRS Hospital,12.215674,77.271968
Allergist,Thiruvananthapuram,Dr. Anjali Gupta,Sree Chitra Tirunal Institute,11.365175,77.252072
Allergist,Thiruvananthapuram,Dr. Priya Gupta,GG Hospital,8.118853,75.4345
Allergist,Thiruvananthapuram,Dr. Sunita Nair,SK Hospital,10.542406,76.927935
Allergist,Thiruvananthapuram,Dr. Arjun Rao,Sree Chitra Tirunal Institute,9.594314,77.171475
Gastroenterologist,Thiruvananthapuram,Dr. Suresh Singh,PRS Hospital,12.416006,76.196933
Gastroenterologist,Thiruvananthapuram,Dr. Suresh Gupta,PRS Hospital,9.911737,77.055856
Gastroenterologist,Thiruvananthapuram,Dr. Neha Bose,Sree Chitra Tirunal Institute,10.198399,76.645784
Gastroenterologist,Thiruvananthapuram,Dr. Neha Verma,GG Hospital,9.899615,76.80015
Hepatologist,Thiruvananthapuram,Dr. Anjali Gupta,PRS Hospital,12.247754,76.001649
Hepatologist,Thiruvananthapuram,Dr. Amit Sharma,Sree Chitra Tirunal Institute,11.080997,76.223928
Hepatologist,Thiruvananthapuram,Dr. Arjun Verma,SK Hospital,11.690491,76.056073
Hepatologist,Thiruvananthapuram,Dr. Sunita Mehta,SK Hospital,10.228276,75.272321
Osteopathic,Thiruvananthapuram,Dr. Amit Bose,SK Hospital,9.551751,75.313608
Osteopathic,Thiruvananthapuram,Dr. Neha Nair,Sree Chitra Tirunal Institute,8.015843,76.540071
Osteopathic,Thiruvananthapuram,Dr. Sunita Iyer,GG Hospital,9.323152,75.895784
Osteopathic,Thiruvananthapuram,Dr. Priya Sharma,KIMS Health,11.717784,75.615601
Endocrinologist,Thiruvananthapuram,Dr. Amit Singh,Sree Chitra Tirunal Institute,11.551872,75.587816
Endocrinologist,Thiruvananthapuram,Dr. Rajesh Gupta,GG Hospital,8.373741,77.169633
Endocrinologist,Thiruvananthapuram,Dr. Arjun Patel,GG Hospital,9.570338,76.663598
Endocrinologist,Thiruvananthapuram,Dr. Sunita Patel,SK Hospital,12.355667,76.59572
Pulmonologist,Thiruvananthapuram,Dr. Anjali Nair,SK Hospital,9.83565,76.24019
Pulmonologist,Thiruvananthapuram,Dr. Deepak Patel,KIMS Health,9.746157,76.022366
Pulmonologist,Thiruvananthapuram,Dr. Neha Verma,GG Hospital,10.121939,75.865803
Pulmonologist,Thiruvananthapuram,Dr. Neha Mehta,Sree Chitra Tirunal Institute,12.057244,77.019454
Cardiologist,Thiruvananthapuram,Dr. Anjali Gupta,KIMS Health,8.573109,77.26926
Cardiologist,Thiruvananthapuram,Dr. Vikram Gupta,Sree Chitra Tirunal Institute,9.636602,76.959316
Cardiologist,Thiruvananthapuram,Dr. Priya Sharma,SK Hospital,9.885934,76.089606
Cardiologist,Thiruvananthapuram,Dr. Vikram Gupta,SK Hospital,11.479464,75.292105
Neurologist,Thiruvananthapuram,Dr. Vikram Mehta,PRS Hospital,9.893607,75.682829
Neurologist,Thiruvananthapuram,Dr. Deepak Nair,GG Hospital,8.524394,76.228096
Neurologist,Thiruvananthapuram,Dr. Rajesh Bose,PRS Hospital,10.497077,76.869079
Neurologist,Thiruvananthapuram,Dr. Suresh Iyer,Sree Chitra Tirunal Institute,9.734668,77.00171
Internal Medicine,Thiruvananthapuram,Dr. Arjun Gupta,PRS Hospital,10.621659,76.352264
Internal Medicine,Thiruvananthapuram,Dr. Sunita Sharma,KIMS Health,10.956953,77.098175
Internal Medicine,Thiruvananthapuram,Dr. Arjun Iyer,PRS Hospital,12.280691,76.079364
Internal Medicine,Thiruvananthapuram,Dr. Sunita Nair,Sree Chitra Tirunal Institute,9.1386,76.653712
Pediatrician,Thiruvananthapuram,Dr. Amit Rao,Sree Chitra Tirunal Institute,9.870008,76.728567
Pediatrician,Thiruvananthapuram,Dr. Deepak Singh,GG Hospital,9.516562,75.336817
Pediatrician,Thiruvananthapuram,Dr. Vikram Iyer,SK Hospital,12.244424,76.905338
Pediatrician,Thiruvananthapuram,Dr. Deepak Sharma,SK Hospital,9.544928,75.515067
Common Cold Specialist,Thiruvananthapuram,Dr. Deepak Mehta,PRS Hospital,9.060569,75.885678
Common Cold Specialist,Thiruvananthapuram,Dr. Anjali Nair,PRS Hospital,8.232602,75.357713
Common Cold Specialist,Thiruvananthapuram,Dr. Neha Verma,Sree Chitra Tirunal Institute,11.49301,76.56039
Common Cold Specialist,Thiruvananthapuram,Dr. Sunita Sharma,SK Hospital,12.183237,75.747075
Phlebologist,Thiruvananthapuram,Dr. Suresh Mehta,KIMS Health,10.08109,76.353223
Phlebologist,Thiruvananthapuram,Dr. Rajesh Rao,KIMS Health,11.565065,77.07752
Phlebologist,Thiruvananthapuram,Dr. Suresh Rao,KIMS Health,10.808748,75.953417
Phlebologist,Thiruvananthapuram,Dr. Neha Bose,KIMS Health,10.323957,76.846299
Osteoarthritis Specialist,Thiruvananthapuram,Dr. Neha Verma,KIMS Health,11.479696,76.963238
Osteoarthritis Specialist,Thiruvananthapuram,Dr. Vikram Bose,GG Hospital,9.449976,75.720391
Osteoarthritis Specialist,Thiruvananthapuram,Dr. Rajesh Patel,SK Hospital,12.25113,77.042618
Osteoarthritis Specialist,Thiruvananthapuram,Dr. Suresh Singh,GG Hospital,11.220014,77.221484
Rheumatologist,Thiruvananthapuram,Dr. Arjun Verma,SK Hospital,8.484168,76.086581
Rheumatologist,Thiruvananthapuram,Dr. Anjali Iyer,KIMS Health,8.816569,75.541269
Rheumatologist,Thiruvananthapuram,Dr. Priya Mehta,KIMS Health,10.369323,75.051536
Rheumatologist,Thiruvananthapuram,Dr. Anjali Iyer,KIMS Health,8.249788,77.128209
Otolaryngologist,Kollam,Dr. Amit Verma,Medicare Hospital,11.016023,75.092569
Otolaryngologist,Kollam,Dr. Sunita Mehta,Holy Cross Hospital,9.124941,77.379315
Otolaryngologist,Kollam,Dr. Deepak Gupta,ESI Hospital,11.723064,75.008921
Otolaryngologist,Kollam,Dr. Deepak Singh,NSS Medical Mission,11.258939,76.992686
Dermatologist,Kollam,Dr. Rajesh Gupta,Upasana Hospital,9.760771,77.431866
Dermatologist,Kollam,Dr. Deepak Verma,Medicare Hospital,10.537962,77.106257
Dermatologist,Kollam,Dr. Rajesh Nair,Holy Cross Hospital,8.645716,75.966459
Dermatologist,Kollam,Dr. Arjun Rao,ESI Hospital,11.090537,76.39355
Allergist,Kollam,Dr. Deepak Verma,NSS Medical Mission,9.648369,75.59615
Allergist,Kollam,Dr. Sunita Bose,Medicare Hospital,9.468113,75.750473
Allergist,Kollam,Dr. Arjun Patel,ESI Hospital,11.671486,76.423516
Allergist,Kollam,Dr. Neha Verma,Holy Cross Hospital,11.181543,75.257106
Gastroenterologist,Kollam,Dr. Anjali Nair,Medicare Hospital,11.062444,76.923651
Gastroenterologist,Kollam,Dr. Deepak Patel,NSS Medical Mission,9.30584,77.22431
Gastroenterologist,Kollam,Dr. Anjali Patel,Medicare Hospital,10.033429,75.230042
Gastroenterologist,Kollam,Dr. Deepak Nair,ESI Hospital,8.726677,76.236267
Hepatologist,Kollam,Dr. Deepak Iyer,Upasana Hospital,8.994747,76.443058
Hepatologist,Kollam,Dr. Suresh Verma,Medicare Hospital,11.010085,77.407552
Hepatologist,Kollam,Dr. Suresh Mehta,Holy Cross Hospital,9.442347,75.633882
Hepatologist,Kollam,Dr. Suresh Sharma,ESI Hospital,11,76.206042
Osteopathic,Kollam,Dr. Sunita Mehta,ESI Hospital,8.290736,76.020855
Osteopathic,Kollam,Dr. Sunita Nair,Holy Cross Hospital,8.484634,75.709419
Osteopathic,Kollam,Dr. Deepak Mehta,Holy Cross Hospital,11.272476,76.221694
Osteopathic,Kollam,Dr. Vikram Gupta,Holy Cross Hospital,12.419416,75.4515
Endocrinologist,Kollam,Dr. Deepak Sharma,NSS Medical Mission,10.335014,76.528741
Endocrinologist,Kollam,Dr. Vikram Bose,Holy Cross Hospital,8.2416,77.203005
Endocrinologist,Kollam,Dr. Rajesh Patel,Upasana Hospital,10.823378,75.039315
Endocrinologist,Kollam,Dr. Anjali Mehta,Upasana Hospital,9.96192,75.52615
Pulmonologist,Kollam,Dr. Sunita Mehta,Holy Cross Hospital,9.985704,76.575562
Pulmonologist,Kollam,Dr. Priya Verma,NSS Medical Mission,8.19048,76.208974
Pulmonologist,Kollam,Dr. Vikram Singh,Medicare Hospital,9.902238,75.294595
Pulmonologist,Kollam,Dr. Sunita Gupta,Medicare Hospital,11.656965,77.341926
Cardiologist,Kollam,Dr. Deepak Patel,NSS Medical Mission,10.422114,75.426286
Cardiologist,Kollam,Dr. Anjali Bose,ESI Hospital,8.317671,75.93024
Cardiologist,Kollam,Dr. Arjun Verma,ESI Hospital,11.145698,75.537399
Cardiologist,Kollam,Dr. Priya Singh,ESI Hospital,10.550656,76.639733
Neurologist,Kollam,Dr. Deepak Sharma,NSS Medical Mission,12.107645,76.206673
Neurologist,Kollam,Dr. Rajesh Bose,ESI Hospital,10.69685,75.360365
Neurologist,Kollam,Dr. Rajesh Rao,Medicare Hospital,8.529638,77.268315
Neurologist,Kollam,Dr. Sunita Bose,Upasana Hospital,11.923208,75.426192
Internal Medicine,Kollam,Dr. Neha Patel,ESI Hospital,9.553516,76.731151
Internal Medicine,Kollam,Dr. Neha Patel,ESI Hospital,10.315089,76.855217
Internal Medicine,Kollam,Dr. Rajesh Sharma,Medicare Hospital,11.473567,75.949144
Internal Medicine,Kollam,Dr. Arjun Sharma,ESI Hospital,12.4549,76.572696
Pediatrician,Kollam,Dr. Anjali Iyer,ESI Hospital,12.469357,76.348053
Pediatrician,Kollam,Dr. Anjali Patel,ESI Hospital,10.248544,76.510969
Pediatrician,Kollam,Dr. Anjali Gupta,Upasana Hospital,10.833961,76.678571
Pediatrician,Kollam,Dr. Arjun Bose,ESI Hospital,8.154085,75.636692
Common Cold Specialist,Kollam,Dr. Anjali Patel,Upasana Hospital,11.849828,76.398216
Common Cold Specialist,Kollam,Dr. Neha Mehta,Medicare Hospital,11.184189,77.471199
Common Cold Specialist,Kollam,Dr. Sunita Mehta,ESI Hospital,9.245649,75.622757
Common Cold Specialist,Kollam,Dr. Suresh Sharma,Holy Cross Hospital,11.567404,75.511875
Phlebologist,Kollam,Dr. Neha Iyer,Medicare Hospital,9.136475,76.462237
Phlebologist,Kollam,Dr. Neha Patel,Holy Cross Hospital,11.63607,76.415218
Phlebologist,Kollam,Dr. Amit Bose,NSS Medical Mission,9.412411,77.089434
Phlebologist,Kollam,Dr. Suresh Nair,Upasana Hospital,11.309706,77.470731
Osteoarthritis Specialist,Kollam,Dr. Neha Rao,Upasana Hospital,11.262481,77.109601
Osteoarthritis Specialist,Kollam,Dr. Suresh Mehta,NSS Medical Mission,10.062967,76.499918
Osteoarthritis Specialist,Kollam,Dr. Arjun Bose,Upasana Hospital,9.292734,76.049078
Osteoarthritis Specialist,Kollam,Dr. Amit Mehta,ESI Hospital,11.820881,77.001809
Rheumatologist,Kollam,Dr. Deepak Iyer,Medicare Hospital,9.109834,76.899059
Rheumatologist,Kollam,Dr. Sunita Verma,ESI Hospital,9.86223,77.224157
Rheumatologist,Kollam,Dr. Vikram Verma,NSS Medical Mission,8.87162,76.467461
Rheumatologist,Kollam,Dr. Sunita Sharma,Holy Cross Hospital,8.892199,76.013205
Otolaryngologist,Kollam,Dr. Priya Bose,ESI Hospital,11.384187,75.652303
Otolaryngologist,Kollam,Dr. Neha Iyer,Upasana Hospital,9.775682,76.675256
Otolaryngologist,Kollam,Dr. Priya Nair,NSS Medical Mission,12.028288,75.813146
Otolaryngologist,Kollam,Dr. Vikram Bose,NSS Medical Mission,9.168617,77.447141
Dermatologist,Pathanamthitta,Dr. Deepak Singh,MGM Muthoot Hospital,11.973778,76.817388
Dermatologist,Pathanamthitta,Dr. Sunita Iyer,Pushpagiri Medical College,10.73783,75.604771
Dermatologist,Pathanamthitta,Dr. Sunita Mehta,Pushpagiri Medical College,9.816905,76.351081
Dermatologist,Pathanamthitta,Dr. Amit Iyer,St. Thomas Hospital,9.547818,77.404629
Allergist,Pathanamthitta,Dr. Anjali Gupta,St. Thomas Hospital,11.551413,75.041672
Allergist,Pathanamthitta,Dr. Suresh Rao,St. Thomas Hospital,10.522821,75.932854
Allergist,Pathanamthitta,Dr. Vikram Nair,MGM Muthoot Hospital,10.063806,75.041561
Allergist,Pathanamthitta,Dr. Rajesh Mehta,St. Thomas Hospital,9.22596,76.283598
Gastroenterologist,Pathanamthitta,Dr. Sunita Patel,MGM Muthoot Hospital,8.436058,76.008841
Gastroenterologist,Pathanamthitta,Dr. Vikram Gupta,Mount Zion Medical College,8.822406,76.62049
Gastroenterologist,Pathanamthitta,Dr. Neha Singh,Pushpagiri Medical College,9.059153,75.163076
Gastroenterologist,Pathanamthitta,Dr. Anjali Mehta,St. Thomas Hospital,11.241977,76.343735
Hepatologist,Pathanamthitta,Dr. Rajesh Iyer,Mount Zion Medical College,8.160761,75.592641
Hepatologist,Pathanamthitta,Dr. Sunita Mehta,Pushpagiri Medical College,9.603616,76.473229
Hepatologist,Pathanamthitta,Dr. Rajesh Bose,Mount Zion Medical College,10.977475,76.526307
Hepatologist,Pathanamthitta,Dr. Suresh Bose,St. Thomas Hospital,8.348339,75.180957
Osteopathic,Pathanamthitta,Dr. Priya Mehta,MGM Muthoot Hospital,8.202943,77.403408
Osteopathic,Pathanamthitta,Dr. Sunita Rao,Pushpagiri Medical College,12.156009,75.048573
Osteopathic,Pathanamthitta,Dr. Sunita Verma,Mount Zion Medical College,10.385622,76.044203
Osteopathic,Pathanamthitta,Dr. Anjali Mehta,Pushpagiri Medical College,10.35751,76.009378
Endocrinologist,Pathanamthitta,Dr. Amit Mehta,Mount Zion Medical College,8.438966,75.678398
Endocrinologist,Pathanamthitta,Dr. Arjun Nair,St. Thomas Hospital,8.986438,77.235267
Endocrinologist,Pathanamthitta,Dr. Rajesh Mehta,MGM Muthoot Hospital,8.088292,75.471135
Endocrinologist,Pathanamthitta,Dr. Arjun Mehta,MGM Muthoot Hospital,12.258937,75.546123
Pulmonologist,Pathanamthitta,Dr. Neha Iyer,Mount Zion Medical College,8.12076,75.998372
Pulmonologist,Pathanamthitta,Dr. Priya Iyer,MGM Muthoot Hospital,12.020047,75.079328
Pulmonologist,Pathanamthitta,Dr. Amit Verma,Pushpagiri Medical College,9.502562,76.87065
Pulmonologist,Pathanamthitta,Dr. Neha Gupta,St. Thomas Hospital,11.600224,76.556703
Cardiologist,Pathanamthitta,Dr. Neha Iyer,Mount Zion Medical College,11.344864,75.060691
Cardiologist,Pathanamthitta,Dr. Neha Patel,St. Thomas Hospital,10.622745,76.718557
Cardiologist,Pathanamthitta,Dr. Vikram Rao,MGM Muthoot Hospital,9.156886,75.048047
Cardiologist,Pathanamthitta,Dr. Deepak Verma,MGM Muthoot Hospital,11.831716,76.002925
Neurologist,Pathanamthitta,Dr. Rajesh Mehta,MGM Muthoot Hospital,9.08544,76.040884
Neurologist,Pathanamthitta,Dr. Vikram Verma,Pushpagiri Medical College,10.700214,76.715089
Neurologist,Pathanamthitta,Dr. Sunita Sharma,MGM Muthoot Hospital,8.23864,77.208654
Neurologist,Pathanamthitta,Dr. Rajesh Iyer,Mount Zion Medical College,10.368822,75.404487
Internal Medicine,Pathanamthitta,Dr. Anjali Sharma,Mount Zion Medical College,12.440463,76.689848
Internal Medicine,Pathanamthitta,Dr. Vikram Bose,Mount Zion Medical College,11.458582,75.459791
Internal Medicine,Pathanamthitta,Dr. Priya Patel,MGM Muthoot Hospital,9.92337,75.63908
Internal Medicine,Pathanamthitta,Dr. Rajesh Iyer,Mount Zion Medical College,10.105693,75.094573
Pediatrician,Pathanamthitta,Dr. Arjun Nair,Mount Zion Medical College,11.944468,76.652792
Pediatrician,Pathanamthitta,Dr. Priya Singh,MGM Muthoot Hospital,8.046551,75.639941
Pediatrician,Pathanamthitta,Dr. Deepak Sharma,Mount Zion Medical College,9.984233,76.761682
Pediatrician,Pathanamthitta,Dr. Arjun Bose,MGM Muthoot Hospital,10.543167,77.190859
Common Cold Specialist,Pathanamthitta,Dr. Deepak Iyer,Mount Zion Medical College,8.417601,77.424397
Common Cold Specialist,Pathanamthitta,Dr. Priya Patel,MGM Muthoot Hospital,10.581295,75.058828
Common Cold Specialist,Pathanamthitta,Dr. Sunita Mehta,Pushpagiri Medical College,8.246867,75.602845
Common Cold Specialist,Pathanamthitta,Dr. Sunita Verma,Pushpagiri Medical College,9.874828,75.708317
Phlebologist,Pathanamthitta,Dr. Vikram Mehta,MGM Muthoot Hospital,8.432646,75.9266
Phlebologist,Pathanamthitta,Dr. Suresh Mehta,MGM Muthoot Hospital,12.439194,75.078493
Phlebologist,Pathanamthitta,Dr. Deepak Iyer,Mount Zion Medical College,8.97419,76.566409
Phlebologist,Pathanamthitta,Dr. Rajesh Singh,MGM Muthoot Hospital,10.988302,76.278528
Osteoarthritis Specialist,Pathanamthitta,Dr. Deepak Mehta,Mount Zion Medical College,9.36694,75.173888
Osteoarthritis Specialist,Pathanamthitta,Dr. Deepak Mehta,St. Thomas Hospital,9.857052,76.954848
Osteoarthritis Specialist,Pathanamthitta,Dr. Suresh Sharma,Mount Zion Medical College,9.415675,77.378683
Osteoarthritis Specialist,Pathanamthitta,Dr. Neha Sharma,Pushpagiri Medical College,8.555867,76.252184
Rheumatologist,Pathanamthitta,Dr. Priya Sharma,Pushpagiri Medical College,8.597795,75.446345
Rheumatologist,Pathanamthitta,Dr. Vikram Rao,MGM Muthoot Hospital,11.225567,77.339947
Rheumatologist,Pathanamthitta,Dr. Priya Bose,Pushpagiri Medical College,12.34886,76.210959
Rheumatologist,Pathanamthitta,Dr. Amit Sharma,St. Thomas Hospital,10.206062,76.613947
Otolaryngologist,Pathanamthitta,Dr. Priya Gupta,Pushpagiri Medical College,11.80748,75.15294
Otolaryngologist,Pathanamthitta,Dr. Neha Mehta,MGM Muthoot Hospital,8.659062,75.332153
Otolaryngologist,Pathanamthitta,Dr. Rajesh Sharma,MGM Muthoot Hospital,10.047805,77.389882
Otolaryngologist,Pathanamthitta,Dr. Deepak Rao,Mount Zion Medical College,8.746644,76.079683
Dermatologist,Alappuzha,Dr. Priya Rao,General Hospital Alappuzha,10.429498,75.781299
Dermatologist,Alappuzha,Dr. Priya Nair,VSM Hospital,11.845165,75.575877
Dermatologist,Alappuzha,Dr. Anjali Iyer,TD Medical College,11.601522,77.080293
Dermatologist,Alappuzha,Dr. Vikram Patel,VSM Hospital,11.84281,76.320249
Allergist,Alappuzha,Dr. Amit Sharma,TD Medical College,9.031979,77.025873
Allergist,Alappuzha,Dr. Arjun Verma,Sahrudaya Hospital,11.548487,75.395166
Allergist,Alappuzha,Dr. Suresh Mehta,General Hospital Alappuzha,9.833576,75.05768
Allergist,Alappuzha,Dr. Arjun Gupta,Sree Narayana Medical Mission,11.699923,75.480147
Gastroenterologist,Alappuzha,Dr. Suresh Mehta,Sree Narayana Medical Mission,10.263839,76.060882
Gastroenterologist,Alappuzha,Dr. Rajesh Bose,General Hospital Alappuzha,9.168644,76.946952
Gastroenterologist,Alappuzha,Dr. Neha Verma,VSM Hospital,11.860701,75.784041
Gastroenterologist,Alappuzha,Dr. Deepak Mehta,General Hospital Alappuzha,11.888915,75.666539
Hepatologist,Alappuzha,Dr. Deepak Nair,Sahrudaya Hospital,9.59986,76.960968
Hepatologist,Alappuzha,Dr. Anjali Nair,General Hospital Alappuzha,11.019928,77.13175
Hepatologist,Alappuzha,Dr. Priya Nair,TD Medical College,8.490068,77.452116
Hepatologist,Alappuzha,Dr. Neha Patel,General Hospital Alappuzha,8.850299,75.110472
Osteopathic,Alappuzha,Dr. Vikram Sharma,TD Medical College,9.302956,75.466543
Osteopathic,Alappuzha,Dr. Suresh Rao,Sree Narayana Medical Mission,10.932037,75.742351
Osteopathic,Alappuzha,Dr. Neha Bose,Sahrudaya Hospital,9.768441,77.046584
Osteopathic,Alappuzha,Dr. Deepak Singh,Sahrudaya Hospital,10.927314,76.575506
Endocrinologist,Alappuzha,Dr. Priya Singh,Sree Narayana Medical Mission,12.018113,75.042309
Endocrinologist,Alappuzha,Dr. Suresh Bose,Sree Narayana Medical Mission,10.646654,75.636608
Endocrinologist,Alappuzha,Dr. Deepak Iyer,Sree Narayana Medical Mission,11.725631,76.200706
Endocrinologist,Alappuzha,Dr. Anjali Iyer,Sahrudaya Hospital,11.290506,75.083871
Pulmonologist,Alappuzha,Dr. Rajesh Rao,Sahrudaya Hospital,8.622735,76.782287
Pulmonologist,Alappuzha,Dr. Deepak Patel,Sahrudaya Hospital,9.710464,77.121702
Pulmonologist,Alappuzha,Dr. Sunita Sharma,Sahrudaya Hospital,8.139021,76.797928
Pulmonologist,Alappuzha,Dr. Suresh Sharma,General Hospital Alappuzha,10.837631,77.040524
Cardiologist,Alappuzha,Dr. Priya Gupta,Sahrudaya Hospital,10.427268,76.846038
Cardiologist,Alappuzha,Dr. Anjali Rao,TD Medical College,12.155259,76.773537
Cardiologist,Alappuzha,Dr. Suresh Singh,General Hospital Alappuzha,11.619845,75.478021
Cardiologist,Alappuzha,Dr. Vikram Singh,Sree Narayana Medical Mission,11.705535,76.335264
Neurologist,Alappuzha,Dr. Priya Rao,General Hospital Alappuzha,10.139118,75.810312
Neurologist,Alappuzha,Dr. Suresh Bose,Sree Narayana Medical Mission,10.880314,76.685263
Neurologist,Alappuzha,Dr. Rajesh Sharma,VSM Hospital,11.726908,76.039067
Neurologist,Alappuzha,Dr. Vikram Iyer,TD Medical College,9.524799,77.020455
Internal Medicine,Alappuzha,Dr. Suresh Mehta,VSM Hospital,10.474404,75.965815
Internal Medicine,Alappuzha,Dr. Neha Gupta,Sree Narayana Medical Mission,8.597001,76.423854
Internal Medicine,Alappuzha,Dr. Vikram Iyer,VSM Hospital,8.363934,75.304055
Internal Medicine,Alappuzha,Dr. Arjun Verma,Sree Narayana Medical Mission,11.939169,75.080065
Pediatrician,Alappuzha,Dr. Anjali Singh,Sree Narayana Medical Mission,12.385844,75.09382
Pediatrician,Alappuzha,Dr. Rajesh Bose,Sree Narayana Medical Mission,9.610312,76.454432
Pediatrician,Alappuzha,Dr. Vikram Mehta,General Hospital Alappuzha,11.402998,77.027517
Pediatrician,Alappuzha,Dr. Priya Patel,Sree Narayana Medical Mission,10.202098,75.560383
Common Cold Specialist,Alappuzha,Dr. Deepak Sharma,VSM Hospital,8.096859,76.162316
Common Cold Specialist,Alappuzha,Dr. Anjali Patel,Sahrudaya Hospital,9.799585,76.700235
Common Cold Specialist,Alappuzha,Dr. Deepak Nair,Sahrudaya Hospital,11.270424,77.277443
Common Cold Specialist,Alappuzha,Dr. Neha Nair,Sahrudaya Hospital,9.568221,76.422117
Phlebologist,Alappuzha,Dr. Neha Singh,TD Medical College,11.079155,76.684778
Phlebologist,Alappuzha,Dr. Anjali Verma,Sahrudaya Hospital,11.661473,75.529985
Phlebologist,Alappuzha,Dr. Arjun Patel,General Hospital Alappuzha,12.12675,75.551891
Phlebologist,Alappuzha,Dr. Anjali Singh,General Hospital Alappuzha,9.666589,76.506272
Osteoarthritis Specialist,Alappuzha,Dr. Deepak Nair,General Hospital Alappuzha,11.402123,75.366326
Osteoarthritis Specialist,Alappuzha,Dr. Vikram Gupta,General Hospital Alappuzha,9.827814,75.847934
Osteoarthritis Specialist,Alappuzha,Dr. Sunita Mehta,Sahrudaya Hospital,8.268089,76.04202
Osteoarthritis Specialist,Alappuzha,Dr. Neha Mehta,TD Medical College,11.38654,75.396715
Rheumatologist,Alappuzha,Dr. Anjali Iyer,TD Medical College,9.439806,77.396979
Rheumatologist,Alappuzha,Dr. Suresh Verma,General Hospital Alappuzha,8.991183,75.28221
Rheumatologist,Alappuzha,Dr. Neha Bose,Sree Narayana Medical Mission,10.079211,75.907238
Rheumatologist,Alappuzha,Dr. Vikram Iyer,Sree Narayana Medical Mission,9.904499,75.337332
Otolaryngologist,Alappuzha,Dr. Priya Mehta,VSM Hospital,8.38989,75.85464
Otolaryngologist,Alappuzha,Dr. Amit Rao,Sahrudaya Hospital,10.406344,75.850924
Otolaryngologist,Alappuzha,Dr. Neha Mehta,General Hospital Alappuzha,9.404793,76.284265
Otolaryngologist,Alappuzha,Dr. Deepak Gupta,TD Medical College,11.616914,75.183849
Dermatologist,Kottayam,Dr. Suresh Singh,Mandiram Hospital,12.130906,77.19135
Dermatologist,Kottayam,Dr. Sunita Bose,Caritas Hospital,10.9444,75.205186
Dermatologist,Kottayam,Dr. Anjali Bose,Mandiram Hospital,8.629036,76.912069
Dermatologist,Kottayam,Dr. Neha Mehta,Bharath Hospital,8.131358,75.634732
Allergist,Kottayam,Dr. Arjun Rao,Matha Hospital,11.645415,76.433771
Allergist,Kottayam,Dr. Deepak Singh,Bharath Hospital,10.724693,76.18152
Allergist,Kottayam,Dr. Neha Verma,Govt. Medical College Kottayam,12.057526,77.019169
Allergist,Kottayam,Dr. Priya Bose,Caritas Hospital,12.104625,76.317642
Gastroenterologist,Kottayam,Dr. Anjali Verma,Matha Hospital,12.179333,76.847902
Gastroenterologist,Kottayam,Dr. Priya Patel,Bharath Hospital,12.275165,77.188956
Gastroenterologist,Kottayam,Dr. Anjali Mehta,Govt. Medical College Kottayam,12.274735,76.238318
Gastroenterologist,Kottayam,Dr. Sunita Gupta,Govt. Medical College Kottayam,8.021427,76.780779
Hepatologist,Kottayam,Dr. Arjun Nair,Bharath Hospital,11.861597,76.059261
Hepatologist,Kottayam,Dr. Priya Gupta,Matha Hospital,8.775264,76.955832
Hepatologist,Kottayam,Dr. Sunita Iyer,Govt. Medical College Kottayam,11.826939,75.289839
Hepatologist,Kottayam,Dr. Suresh Bose,Caritas Hospital,10.315301,75.042592
Osteopathic,Kottayam,Dr. Arjun Gupta,Govt. Medical College Kottayam,9.82803,76.826975
Osteopathic,Kottayam,Dr. Anjali Bose,Bharath Hospital,8.695318,76.603826
Osteopathic,Kottayam,Dr. Suresh Mehta,Bharath Hospital,8.676461,77.135671
Osteopathic,Kottayam,Dr. Anjali Gupta,Govt. Medical College Kottayam,10.501962,76.899937
Endocrinologist,Kottayam,Dr. Anjali Nair,Matha Hospital,10.024679,76.38638
Endocrinologist,Kottayam,Dr. Anjali Bose,Caritas Hospital,8.178412,77.15144
Endocrinologist,Kottayam,Dr. Anjali Mehta,Caritas Hospital,9.172346,76.141514
Endocrinologist,Kottayam,Dr. Rajesh Bose,Bharath Hospital,9.437184,75.112229
Pulmonologist,Kottayam,Dr. Deepak Verma,Govt. Medical College Kottayam,11.121402,77.382419
Pulmonologist,Kottayam,Dr. Priya Verma,Bharath Hospital,8.431345,76.217273
Pulmonologist,Kottayam,Dr. Arjun Rao,Mandiram Hospital,9.081221,75.268613
Pulmonologist,Kottayam,Dr. Suresh Rao,Govt. Medical College Kottayam,10.573411,75.427099
Cardiologist,Kottayam,Dr. Suresh Mehta,Matha Hospital,9.324221,75.853285
Cardiologist,Kottayam,Dr. Deepak Sharma,Bharath Hospital,12.27246,75.844878
Cardiologist,Kottayam,Dr. Deepak Gupta,Govt. Medical College Kottayam,9.369998,75.731502
Cardiologist,Kottayam,Dr. Arjun Mehta,Matha Hospital,11.652449,75.790087
Neurologist,Kottayam,Dr. Neha Rao,Matha Hospital,10.246457,76.260269
Neurologist,Kottayam,Dr. Rajesh Sharma,Caritas Hospital,11.564897,76.540799
Neurologist,Kottayam,Dr. Priya Nair,Mandiram Hospital,11.629352,75.397596
Neurologist,Kottayam,Dr. Vikram Iyer,Bharath Hospital,9.71192,76.221015
Internal Medicine,Kottayam,Dr. Priya Verma,Govt. Medical College Kottayam,10.751368,75.169022
Internal Medicine,Kottayam,Dr. Sunita Gupta,Bharath Hospital,12.017029,75.164652
Internal Medicine,Kottayam,Dr. Sunita Mehta,Mandiram Hospital,11.911756,75.143596
Internal Medicine,Kottayam,Dr. Deepak Patel,Govt. Medical College Kottayam,12.25259,76.196025
Pediatrician,Kottayam,Dr. Deepak Verma,Mandiram Hospital,10.014508,75.431515
Pediatrician,Kottayam,Dr. Deepak Gupta,Bharath Hospital,9.687412,77.211447
Pediatrician,Kottayam,Dr. Sunita Singh,Matha Hospital,11.931319,77.054927
Pediatrician,Kottayam,Dr. Anjali Nair,Mandiram Hospital,11.88784,76.018745
Common Cold Specialist,Kottayam,Dr. Neha Verma,Govt. Medical College Kottayam,9.310175,75.030503
Common Cold Specialist,Kottayam,Dr. Deepak Nair,Bharath Hospital,10.602099,76.708845
Common Cold Specialist,Kottayam,Dr. Priya Mehta,Mandiram Hospital,10.078298,75.585786
Common Cold Specialist,Kottayam,Dr. Priya Nair,Caritas Hospital,11.486275,76.527466
Phlebologist,Kottayam,Dr. Rajesh Rao,Caritas Hospital,12.026444,76.024412
Phlebologist,Kottayam,Dr. Suresh Nair,Govt. Medical College Kottayam,9.715776,76.81037
Phlebologist,Kottayam,Dr. Vikram Rao,Govt. Medical College Kottayam,9.534727,75.526897
Phlebologist,Kottayam,Dr. Suresh Sharma,Govt. Medical College Kottayam,11.023002,75.451233
Osteoarthritis Specialist,Kottayam,Dr. Amit Gupta,Bharath Hospital,9.026242,75.25556
Osteoarthritis Specialist,Kottayam,Dr. Neha Rao,Mandiram Hospital,9.708528,75.531143
Osteoarthritis Specialist,Kottayam,Dr. Vikram Sharma,Govt. Medical College Kottayam,8.407331,77.455058
Osteoarthritis Specialist,Kottayam,Dr. Deepak Bose,Caritas Hospital,10.523031,77.430023
Rheumatologist,Kottayam,Dr. Vikram Nair,Bharath Hospital,10.129849,75.177776
Rheumatologist,Kottayam,Dr. Rajesh Nair,Bharath Hospital,10.982532,76.582341
Rheumatologist,Kottayam,Dr. Rajesh Bose,Matha Hospital,10.805838,75.598014
Rheumatologist,Kottayam,Dr. Anjali Patel,Govt. Medical College Kottayam,11.395647,76.611402
Otolaryngologist,Kottayam,Dr. Amit Rao,Govt. Medical College Kottayam,8.588969,76.245506
Otolaryngologist,Kottayam,Dr. Rajesh Iyer,Mandiram Hospital,10.933265,75.153766
Otolaryngologist,Kottayam,Dr. Sunita Singh,Bharath Hospital,8.600969,75.513583
Otolaryngologist,Kottayam,Dr. Amit Singh,Govt. Medical College Kottayam,10.558528,77.208652
Dermatologist,Idukki,Dr. Anjali Patel,Mar Baselios Medical Mission,9.0556,76.624209
Dermatologist,Idukki,Dr. Priya Gupta,Taluk Hospital Thodupuzha,10.677729,75.668168
Dermatologist,Idukki,Dr. Priya Iyer,Mar Baselios Medical Mission,8.692561,76.425771
Dermatologist,Idukki,Dr. Vikram Nair,Taluk Hospital Thodupuzha,10.311853,77.011563
Allergist,Idukki,Dr. Priya Gupta,Mar Baselios Medical Mission,10.462634,76.672767
Allergist,Idukki,Dr. Rajesh Patel,St. John's Hospital,12.308912,76.164928
Allergist,Idukki,Dr. Arjun Verma,Holy Family Hospital,11.057989,76.6688
Allergist,Idukki,Dr. Deepak Rao,Mar Baselios Medical Mission,11.312523,76.824093
Gastroenterologist,Idukki,Dr. Anjali Mehta,St. John's Hospital,11.866482,75.133818
Gastroenterologist,Idukki,Dr. Amit Rao,Taluk Hospital Thodupuzha,12.213726,75.894324
Gastroenterologist,Idukki,Dr. Sunita Mehta,Holy Family Hospital,8.498101,76.207654
Gastroenterologist,Idukki,Dr. Rajesh Verma,Mar Baselios Medical Mission,9.319362,75.487432
Hepatologist,Idukki,Dr. Arjun Nair,Taluk Hospital Thodupuzha,8.294264,76.1459
Hepatologist,Idukki,Dr. Vikram Iyer,Mar Baselios Medical Mission,8.698846,76.558587
Hepatologist,Idukki,Dr. Arjun Verma,Taluk Hospital Thodupuzha,11.769288,76.923135
Hepatologist,Idukki,Dr. Arjun Patel,Holy Family Hospital,11.840416,75.48341
Osteopathic,Idukki,Dr. Neha Gupta,Mar Baselios Medical Mission,11.510337,77.327688
Osteopathic,Idukki,Dr. Rajesh Bose,Holy Family Hospital,11.256735,77.254326
Osteopathic,Idukki,Dr. Priya Mehta,Holy Family Hospital,11.195347,77.157736
Osteopathic,Idukki,Dr. Vikram Mehta,St. John's Hospital,11.536872,75.8149
Endocrinologist,Idukki,Dr. Arjun Verma,Taluk Hospital Thodupuzha,10.014873,77.487371
Endocrinologist,Idukki,Dr. Neha Iyer,St. John's Hospital,8.480921,76.761935
Endocrinologist,Idukki,Dr. Arjun Iyer,Taluk Hospital Thodupuzha,8.429342,75.973107
Endocrinologist,Idukki,Dr. Priya Gupta,Mar Baselios Medical Mission,11.542705,75.292383
Pulmonologist,Idukki,Dr. Anjali Singh,Mar Baselios Medical Mission,11.611678,76.16943
Pulmonologist,Idukki,Dr. Deepak Iyer,Holy Family Hospital,8.894154,76.18431
Pulmonologist,Idukki,Dr. Priya Sharma,Taluk Hospital Thodupuzha,11.038181,77.435409
Pulmonologist,Idukki,Dr. Amit Verma,Taluk Hospital Thodupuzha,10.00425,76.901763
Cardiologist,Idukki,Dr. Priya Rao,Taluk Hospital Thodupuzha,8.251732,76.916698
Cardiologist,Idukki,Dr. Suresh Nair,Taluk Hospital Thodupuzha,9.646629,77.175174
Cardiologist,Idukki,Dr. Anjali Sharma,Mar Baselios Medical Mission,8.707949,75.646898
Cardiologist,Idukki,Dr. Sunita Bose,Mar Baselios Medical Mission,12.433053,75.145182
Neurologist,Idukki,Dr. Vikram Gupta,Taluk Hospital Thodupuzha,10.669122,75.897547
Neurologist,Idukki,Dr. Neha Patel,Holy Family Hospital,12.089922,75.35394
Neurologist,Idukki,Dr. Amit Nair,Taluk Hospital Thodupuzha,8.020369,75.442503
Neurologist,Idukki,Dr. Amit Sharma,Holy Family Hospital,9.144626,75.391834
Internal Medicine,Idukki,Dr. Anjali Singh,St. John's Hospital,8.454884,76.699433
Internal Medicine,Idukki,Dr. Suresh Singh,St. John's Hospital,9.848514,75.332685
Internal Medicine,Idukki,Dr. Neha Verma,St. John's Hospital,9.925704,77.24179
Internal Medicine,Idukki,Dr. Arjun Sharma,Mar Baselios Medical Mission,11.823714,75.277341
Pediatrician,Idukki,Dr. Rajesh Iyer,Holy Family Hospital,8.105718,76.970556
Pediatrician,Idukki,Dr. Priya Singh,St. John's Hospital,12.311255,76.7313
Pediatrician,Idukki,Dr. Amit Bose,Mar Baselios Medical Mission,10.566079,76.559134
Pediatrician,Idukki,Dr. Arjun Rao,St. John's Hospital,9.297449,76.036275
Common Cold Specialist,Idukki,Dr. Priya Nair,St. John's Hospital,10.014096,77.20575
Common Cold Specialist,Idukki,Dr. Arjun Iyer,St. John's Hospital,11.481194,76.844013
Common Cold Specialist,Idukki,Dr. Anjali Singh,St. John's Hospital,8.311802,75.025272
Common Cold Specialist,Idukki,Dr. Neha Sharma,Holy Family Hospital,8.312371,76.421718
Phlebologist,Idukki,Dr. Vikram Gupta,Mar Baselios Medical Mission,8.776501,76.45984
Phlebologist,Idukki,Dr. Suresh Gupta,Mar Baselios Medical Mission,8.940796,75.223052
Phlebologist,Idukki,Dr. Arjun Rao,St. John's Hospital,8.277277,75.744391
Phlebologist,Idukki,Dr. Priya Verma,Mar Baselios Medical Mission,9.084396,77.397829
Osteoarthritis Specialist,Idukki,Dr. Priya Iyer,Mar Baselios Medical Mission,11.886231,77.211815
Osteoarthritis Specialist,Idukki,Dr. Rajesh Rao,Holy Family Hospital,10.553509,75.78161
Osteoarthritis Specialist,Idukki,Dr. Priya Singh,St. John's Hospital,10.105992,75.207423
Osteoarthritis Specialist,Idukki,Dr. Deepak Sharma,Mar Baselios Medical Mission,9.903431,77.163857
Rheumatologist,Idukki,Dr. Rajesh Rao,St. John's Hospital,11.851675,77.432983
Rheumatologist,Idukki,Dr. Rajesh Rao,St. John's Hospital,9.881261,75.145384
Rheumatologist,Idukki,Dr. Amit Verma,Taluk Hospital Thodupuzha,12.078471,77.040059
Rheumatologist,Idukki,Dr. Arjun Patel,Taluk Hospital Thodupuzha,9.074584,75.692439
Otolaryngologist,Idukki,Dr. Sunita Iyer,Taluk Hospital Thodupuzha,9.762198,75.257543
Otolaryngologist,Idukki,Dr. Anjali Gupta,Mar Baselios Medical Mission,9.366961,77.145842
Otolaryngologist,Idukki,Dr. Neha Singh,St. John's Hospital,9.600847,75.277338
Otolaryngologist,Idukki,Dr. Deepak Bose,St. John's Hospital,8.150453,75.129201
Dermatologist,Ernakulam,Dr. Arjun Nair,Aster Medcity,8.024546,76.031398
Dermatologist,Ernakulam,Dr. Deepak Sharma,Aster Medcity,10.18875,77.234425
Dermatologist,Ernakulam,Dr. Neha Gupta,Lakeshore Hospital,10.707889,75.248631
Dermatologist,Ernakulam,Dr. Vikram Sharma,Medical Trust Hospital,10.604051,75.888009
Allergist,Ernakulam,Dr. Arjun Patel,Aster Medcity,12.043571,76.200283
Allergist,Ernakulam,Dr. Vikram Gupta,Medical Trust Hospital,11.276968,75.881178
Allergist,Ernakulam,Dr. Suresh Mehta,Amrita Institute of Medical Sciences,8.749009,76.935213
Allergist,Ernakulam,Dr. Amit Gupta,Rajagiri Hospital,8.29185,75.845684
Gastroenterologist,Ernakulam,Dr. Neha Bose,Amrita Institute of Medical Sciences,11.382551,76.860895
Gastroenterologist,Ernakulam,Dr. Sunita Rao,Medical Trust Hospital,10.885767,75.503951
Gastroenterologist,Ernakulam,Dr. Amit Nair,Amrita Institute of Medical Sciences,11.006957,77.225722
Gastroenterologist,Ernakulam,Dr. Rajesh Iyer,Aster Medcity,8.053973,75.534749
Hepatologist,Ernakulam,Dr. Neha Gupta,Medical Trust Hospital,11.416877,75.95506
Hepatologist,Ernakulam,Dr. Rajesh Patel,Aster Medcity,9.457681,75.587662
Hepatologist,Ernakulam,Dr. Rajesh Mehta,Aster Medcity,10.173769,77.309946
Hepatologist,Ernakulam,Dr. Arjun Patel,Rajagiri Hospital,9.32395,76.299838
Osteopathic,Ernakulam,Dr. Neha Nair,Amrita Institute of Medical Sciences,10.768881,76.49263
Osteopathic,Ernakulam,Dr. Anjali Rao,Lakeshore Hospital,11.978936,75.487024
Osteopathic,Ernakulam,Dr. Amit Mehta,Aster Medcity,9.715523,77.210657
Osteopathic,Ernakulam,Dr. Neha Mehta,Lakeshore Hospital,11.46325,75.075765
Endocrinologist,Ernakulam,Dr. Neha Iyer,Amrita Institute of Medical Sciences,9.615217,76.614477
Endocrinologist,Ernakulam,Dr. Arjun Verma,Medical Trust Hospital,11.490114,75.839493
Endocrinologist,Ernakulam,Dr. Vikram Mehta,Amrita Institute of Medical Sciences,12.006959,76.690739
Endocrinologist,Ernakulam,Dr. Neha Gupta,Lakeshore Hospital,10.410516,76.343759
Pulmonologist,Ernakulam,Dr. Sunita Nair,Rajagiri Hospital,10.435758,75.746028
Pulmonologist,Ernakulam,Dr. Amit Nair,Amrita Institute of Medical Sciences,8.114074,77.247458
Pulmonologist,Ernakulam,Dr. Neha Singh,Amrita Institute of Medical Sciences,10.665919,75.990471
Pulmonologist,Ernakulam,Dr. Vikram Rao,Aster Medcity,9.554786,76.98134
Cardiologist,Ernakulam,Dr. Sunita Verma,Medical Trust Hospital,12.391012,76.404109
Cardiologist,Ernakulam,Dr. Amit Mehta,Rajagiri Hospital,11.556781,75.87409
Cardiologist,Ernakulam,Dr. Amit Sharma,Aster Medcity,8.346177,75.676072
Cardiologist,Ernakulam,Dr. Priya Singh,Rajagiri Hospital,9.716605,77.489847
Neurologist,Ernakulam,Dr. Deepak Nair,Aster Medcity,11.531197,75.352304
Neurologist,Ernakulam,Dr. Vikram Gupta,Rajagiri Hospital,9.225823,75.310182
Neurologist,Ernakulam,Dr. Arjun Mehta,Rajagiri Hospital,11.308411,75.609109
Neurologist,Ernakulam,Dr. Vikram Gupta,Medical Trust Hospital,8.912175,75.089893
Internal Medicine,Ernakulam,Dr. Sunita Rao,Rajagiri Hospital,9.348714,75.732183
Internal Medicine,Ernakulam,Dr. Amit Singh,Amrita Institute of Medical Sciences,8.350293,77.102464
Internal Medicine,Ernakulam,Dr. Vikram Verma,Rajagiri Hospital,10.737398,75.378813
Internal Medicine,Ernakulam,Dr. Suresh Sharma,Rajagiri Hospital,8.721207,76.649137
Pediatrician,Ernakulam,Dr. Amit Gupta,Rajagiri Hospital,9.91791,75.479279
Pediatrician,Ernakulam,Dr. Neha Bose,Aster Medcity,10.879265,76.822602
Pediatrician,Ernakulam,Dr. Arjun Bose,Aster Medcity,11.665102,75.642254
Pediatrician,Ernakulam,Dr. Vikram Rao,Rajagiri Hospital,10.134073,75.737863
Common Cold Specialist,Ernakulam,Dr. Amit Rao,Aster Medcity,12.302984,75.876631
Common Cold Specialist,Ernakulam,Dr. Vikram Singh,Lakeshore Hospital,10.508909,75.609725
Common Cold Specialist,Ernakulam,Dr. Neha Gupta,Lakeshore Hospital,9.15178,77.329828
Common Cold Specialist,Ernakulam,Dr. Anjali Singh,Medical Trust Hospital,11.05542,76.493169
Phlebologist,Ernakulam,Dr. Rajesh Nair,Lakeshore Hospital,11.109245,76.131651
Phlebologist,Ernakulam,Dr. Anjali Patel,Lakeshore Hospital,8.814092,75.360947
Phlebologist,Ernakulam,Dr. Neha Sharma,Amrita Institute of Medical Sciences,11.086739,75.762261
Phlebologist,Ernakulam,Dr. Arjun Mehta,Amrita Institute of Medical Sciences,11.637333,77.389709
Osteoarthritis Specialist,Ernakulam,Dr. Sunita Iyer,Rajagiri Hospital,9.118887,76.940946
Osteoarthritis Specialist,Ernakulam,Dr. Vikram Iyer,Amrita Institute of Medical Sciences,9.790644,75.883666
Osteoarthritis Specialist,Ernakulam,Dr. Neha Nair,Rajagiri Hospital,11.357041,75.037161
Osteoarthritis Specialist,Ernakulam,Dr. Suresh Patel,Aster Medcity,11.935542,75.14949
Rheumatologist,Ernakulam,Dr. Neha Rao,Amrita Institute of Medical Sciences,10.717925,75.097401
Rheumatologist,Ernakulam,Dr. Suresh Iyer,Aster Medcity,9.052724,76.882609
Rheumatologist,Ernakulam,Dr. Arjun Nair,Aster Medcity,10.885394,76.897353
Rheumatologist,Ernakulam,Dr. Suresh Bose,Amrita Institute of Medical Sciences,10.020594,75.312595
Otolaryngologist,Ernakulam,Dr. Sunita Sharma,Aster Medcity,10.947317,75.062513
Otolaryngologist,Ernakulam,Dr. Neha Bose,Medical Trust Hospital,9.519787,76.230301
Otolaryngologist,Ernakulam,Dr. Neha Rao,Rajagiri Hospital,9.149146,76.495165
Otolaryngologist,Ernakulam,Dr. Vikram Rao,Aster Medcity,8.113198,75.645052
Dermatologist,Thrissur,Dr. Anjali Patel,Jubilee Mission Hospital,10.841868,77.058708
Dermatologist,Thrissur,Dr. Arjun Patel,Amala Institute of Medical Sciences,9.478295,75.429125
Dermatologist,Thrissur,Dr. Anjali Singh,Elite Mission Hospital,11.201968,77.45756
Dermatologist,Thrissur,Dr. Amit Nair,Jubilee Mission Hospital,9.626781,75.381791
Allergist,Thrissur,Dr. Priya Patel,Elite Mission Hospital,11.763299,77.467033
Allergist,Thrissur,Dr. Vikram Mehta,Elite Mission Hospital,9.880175,77.131992
Allergist,Thrissur,Dr. Rajesh Singh,Amala Institute of Medical Sciences,10.335229,76.019327
Allergist,Thrissur,Dr. Neha Rao,Amala Institute of Medical Sciences,8.674143,75.302361
Gastroenterologist,Thrissur,Dr. Arjun Nair,Jubilee Mission Hospital,8.693492,77.443511
Gastroenterologist,Thrissur,Dr. Priya Nair,Jubilee Mission Hospital,9.527705,76.105369
Gastroenterologist,Thrissur,Dr. Amit Gupta,Elite Mission Hospital,10.118186,75.939557
Gastroenterologist,Thrissur,Dr. Deepak Singh,Westfort Hospital,8.084486,75.095643
Hepatologist,Thrissur,Dr. Priya Patel,Jubilee Mission Hospital,11.919733,76.437005
Hepatologist,Thrissur,Dr. Arjun Bose,Westfort Hospital,10.751373,75.765685
Hepatologist,Thrissur,Dr. Priya Patel,Elite Mission Hospital,9.057403,75.396057
Hepatologist,Thrissur,Dr. Suresh Nair,Jubilee Mission Hospital,11.845142,76.926773
Osteopathic,Thrissur,Dr. Arjun Patel,Westfort Hospital,11.300658,76.794159
Osteopathic,Thrissur,Dr. Amit Nair,Amala Institute of Medical Sciences,8.148174,75.165001
Osteopathic,Thrissur,Dr. Sunita Bose,Westfort Hospital,10.638175,75.619883
Osteopathic,Thrissur,Dr. Vikram Singh,Amala Institute of Medical Sciences,8.891653,77.216771
Endocrinologist,Thrissur,Dr. Anjali Sharma,Jubilee Mission Hospital,9.83373,76.27633
Endocrinologist,Thrissur,Dr. Suresh Sharma,Elite Mission Hospital,11.458786,77.427959
Endocrinologist,Thrissur,Dr. Rajesh Singh,Jubilee Mission Hospital,10.568521,76.796599
Endocrinologist,Thrissur,Dr. Arjun Verma,Jubilee Mission Hospital,12.423347,76.484876
Pulmonologist,Thrissur,Dr. Arjun Verma,Jubilee Mission Hospital,10.253935,76.389612
Pulmonologist,Thrissur,Dr. Vikram Patel,Westfort Hospital,9.086832,76.831288
Pulmonologist,Thrissur,Dr. Sunita Patel,Westfort Hospital,11.84985,75.608892
Pulmonologist,Thrissur,Dr. Amit Sharma,Elite Mission Hospital,9.442872,75.131974
Cardiologist,Thrissur,Dr. Priya Gupta,Jubilee Mission Hospital,11.448326,77.489088
Cardiologist,Thrissur,Dr. Priya Sharma,Amala Institute of Medical Sciences,9.286308,76.733658
Cardiologist,Thrissur,Dr. Sunita Rao,Westfort Hospital,9.94189,77.465281
Cardiologist,Thrissur,Dr. Rajesh Iyer,Amala Institute of Medical Sciences,8.310652,77.112579
Neurologist,Thrissur,Dr. Anjali Mehta,Jubilee Mission Hospital,8.796283,77.125072
Neurologist,Thrissur,Dr. Anjali Singh,Amala Institute of Medical Sciences,11.828319,76.056571
Neurologist,Thrissur,Dr. Deepak Mehta,Elite Mission Hospital,10.295462,77.290935
Neurologist,Thrissur,Dr. Anjali Rao,Amala Institute of Medical Sciences,9.439122,76.350681
Internal Medicine,Thrissur,Dr. Arjun Rao,Jubilee Mission Hospital,12.116224,76.266386
Internal Medicine,Thrissur,Dr. Vikram Verma,Jubilee Mission Hospital,11.248286,75.989777
Internal Medicine,Thrissur,Dr. Sunita Bose,Elite Mission Hospital,9.219112,75.03747
Internal Medicine,Thrissur,Dr. Deepak Iyer,Jubilee Mission Hospital,9.661407,77.319898
Pediatrician,Thrissur,Dr. Sunita Singh,Westfort Hospital,9.190496,75.098952
Pediatrician,Thrissur,Dr. Deepak Mehta,Elite Mission Hospital,11.772345,75.59254
Pediatrician,Thrissur,Dr. Vikram Verma,Amala Institute of Medical Sciences,9.222781,77.37884
Pediatrician,Thrissur,Dr. Anjali Bose,Jubilee Mission Hospital,8.818641,76.303288
Common Cold Specialist,Thrissur,Dr. Sunita Nair,Elite Mission Hospital,10.80074,77.139033
Common Cold Specialist,Thrissur,Dr. Suresh Gupta,Amala Institute of Medical Sciences,10.879199,75.745729
Common Cold Specialist,Thrissur,Dr. Priya Nair,Jubilee Mission Hospital,8.700969,75.099689
Common Cold Specialist,Thrissur,Dr. Amit Iyer,Westfort Hospital,9.093944,76.674971
Phlebologist,Thrissur,Dr. Priya Iyer,Westfort Hospital,11.335893,75.672699
Phlebologist,Thrissur,Dr. Arjun Sharma,Westfort Hospital,8.933251,76.561213
Phlebologist,Thrissur,Dr. Deepak Patel,Amala Institute of Medical Sciences,10.679739,77.393792
Phlebologist,Thrissur,Dr. Arjun Iyer,Elite Mission Hospital,11.239863,75.029214
Osteoarthritis Specialist,Thrissur,Dr. Neha Mehta,Elite Mission Hospital,11.362004,76.451149
Osteoarthritis Specialist,Thrissur,Dr. Anjali Patel,Westfort Hospital,9.155911,77.328478
Osteoarthritis Specialist,Thrissur,Dr. Sunita Mehta,Elite Mission Hospital,8.224516,77.163844
Osteoarthritis Specialist,Thrissur,Dr. Neha Verma,Jubilee Mission Hospital,11.525338,75.057158
Rheumatologist,Thrissur,Dr. Anjali Nair,Jubilee Mission Hospital,10.940161,75.319392
Rheumatologist,Thrissur,Dr. Vikram Mehta,Amala Institute of Medical Sciences,12.197621,77.287339
Rheumatologist,Thrissur,Dr. Priya Patel,Westfort Hospital,10.641379,76.698639
Rheumatologist,Thrissur,Dr. Anjali Verma,Amala Institute of Medical Sciences,10.064222,75.10215
Otolaryngologist,Thrissur,Dr. Amit Gupta,Westfort Hospital,10.247812,75.666791
Otolaryngologist,Thrissur,Dr. Neha Singh,Jubilee Mission Hospital,8.040004,76.949211
Otolaryngologist,Thrissur,Dr. Suresh Iyer,Elite Mission Hospital,11.676651,76.427047
Otolaryngologist,Thrissur,Dr. Suresh Sharma,Amala Institute of Medical Sciences,11.267041,77.11725
Dermatologist,Palakkad,Dr. Arjun Gupta,Lakshmi Hospital,10.033408,76.187131
Dermatologist,Palakkad,Dr. Sunita Mehta,Vijaya Hospital,8.561113,77.087147
Dermatologist,Palakkad,Dr. Vikram Gupta,Seventh Day Adventist Hospital,9.736494,76.443996
Dermatologist,Palakkad,Dr. Amit Nair,Palakkad District Hospital,11.007087,76.718802
Allergist,Palakkad,Dr. Vikram Sharma,Vijaya Hospital,10.211681,75.027595
Allergist,Palakkad,Dr. Neha Patel,Karuna Hospital,9.533878,77.341264
Allergist,Palakkad,Dr. Sunita Iyer,Vijaya Hospital,8.969463,75.093914
Allergist,Palakkad,Dr. Rajesh Mehta,Lakshmi Hospital,8.444933,76.060907
Gastroenterologist,Palakkad,Dr. Anjali Bose,Palakkad District Hospital,8.677787,76.23903
Gastroenterologist,Palakkad,Dr. Arjun Verma,Vijaya Hospital,10.037897,76.407683
Gastroenterologist,Palakkad,Dr. Priya Bose,Lakshmi Hospital,11.749603,75.471658
Gastroenterologist,Palakkad,Dr. Suresh Rao,Seventh Day Adventist Hospital,8.607562,77.05891
Hepatologist,Palakkad,Dr. Deepak Rao,Palakkad District Hospital,11.227809,76.200209
Hepatologist,Palakkad,Dr. Priya Mehta,Lakshmi Hospital,8.555325,77.091432
Hepatologist,Palakkad,Dr. Vikram Rao,Lakshmi Hospital,8.873043,75.430131
Hepatologist,Palakkad,Dr. Neha Patel,Karuna Hospital,11.188227,75.611656
Osteopathic,Palakkad,Dr. Anjali Nair,Karuna Hospital,10.63312,75.686592
Osteopathic,Palakkad,Dr. Neha Mehta,Vijaya Hospital,8.475654,77.403354
Osteopathic,Palakkad,Dr. Neha Rao,Karuna Hospital,10.713135,75.353491
Osteopathic,Palakkad,Dr. Amit Verma,Lakshmi Hospital,8.141367,75.402253
Endocrinologist,Palakkad,Dr. Priya Patel,Palakkad District Hospital,8.980457,76.605544
Endocrinologist,Palakkad,Dr. Suresh Patel,Palakkad District Hospital,10.806783,77.212209
Endocrinologist,Palakkad,Dr. Sunita Singh,Palakkad District Hospital,10.015767,75.736354
Endocrinologist,Palakkad,Dr. Sunita Sharma,Seventh Day Adventist Hospital,9.820078,75.292428
Pulmonologist,Palakkad,Dr. Priya Gupta,Lakshmi Hospital,9.621311,75.337376
Pulmonologist,Palakkad,Dr. Vikram Verma,Lakshmi Hospital,10.885509,76.386685
Pulmonologist,Palakkad,Dr. Suresh Sharma,Seventh Day Adventist Hospital,10.539152,75.593529
Pulmonologist,Palakkad,Dr. Deepak Patel,Lakshmi Hospital,9.224356,76.097545
Cardiologist,Palakkad,Dr. Amit Gupta,Lakshmi Hospital,10.990238,77.140707
Cardiologist,Palakkad,Dr. Anjali Verma,Palakkad District Hospital,9.033683,77.062402
Cardiologist,Palakkad,Dr. Priya Nair,Vijaya Hospital,8.409463,75.515425
Cardiologist,Palakkad,Dr. Vikram Patel,Lakshmi Hospital,11.694511,76.22966
Neurologist,Palakkad,Dr. Suresh Singh,Vijaya Hospital,9.165869,77.054295
Neurologist,Palakkad,Dr. Deepak Gupta,Palakkad District Hospital,10.724359,75.676408
Neurologist,Palakkad,Dr. Vikram Nair,Lakshmi Hospital,8.047478,75.825273
Neurologist,Palakkad,Dr. Anjali Sharma,Seventh Day Adventist Hospital,10.051108,75.341314
Internal Medicine,Palakkad,Dr. Vikram Sharma,Karuna Hospital,9.826301,76.398085
Internal Medicine,Palakkad,Dr. Sunita Nair,Seventh Day Adventist Hospital,9.032992,75.619833
Internal Medicine,Palakkad,Dr. Deepak Iyer,Palakkad District Hospital,11.962514,76.828575
Internal Medicine,Palakkad,Dr. Vikram Rao,Lakshmi Hospital,9.366723,75.574288
Pediatrician,Palakkad,Dr. Deepak Sharma,Palakkad District Hospital,10.570255,76.841221
Pediatrician,Palakkad,Dr. Sunita Mehta,Seventh Day Adventist Hospital,11.700478,76.382543
Pediatrician,Palakkad,Dr. Amit Verma,Palakkad District Hospital,10.141161,77.009376
Pediatrician,Palakkad,Dr. Sunita Verma,Karuna Hospital,10.461334,76.963161
Common Cold Specialist,Palakkad,Dr. Sunita Verma,Lakshmi Hospital,10.781975,76.639424
Common Cold Specialist,Palakkad,Dr. Amit Bose,Lakshmi Hospital,10.289022,75.508626
Common Cold Specialist,Palakkad,Dr. Sunita Verma,Seventh Day Adventist Hospital,9.62572,76.774238
Common Cold Specialist,Palakkad,Dr. Neha Nair,Vijaya Hospital,9.028289,75.789698
Phlebologist,Palakkad,Dr. Amit Patel,Seventh Day Adventist Hospital,8.988169,75.146019
Phlebologist,Palakkad,Dr. Suresh Verma,Seventh Day Adventist Hospital,8.606256,77.309013
Phlebologist,Palakkad,Dr. Arjun Gupta,Karuna Hospital,10.868495,77.330491
Phlebologist,Palakkad,Dr. Deepak Iyer,Palakkad District Hospital,11.176078,77.265162
Osteoarthritis Specialist,Palakkad,Dr. Vikram Rao,Vijaya Hospital,10.120841,76.999023
Osteoarthritis Specialist,Palakkad,Dr. Arjun Iyer,Karuna Hospital,8.813549,75.919821
Osteoarthritis Specialist,Palakkad,Dr. Sunita Patel,Lakshmi Hospital,8.329797,75.922802
Osteoarthritis Specialist,Palakkad,Dr. Amit Singh,Vijaya Hospital,8.163275,75.603072
Rheumatologist,Palakkad,Dr. Arjun Rao,Seventh Day Adventist Hospital,11.786103,76.567445
Rheumatologist,Palakkad,Dr. Anjali Sharma,Seventh Day Adventist Hospital,8.225719,76.948872
Rheumatologist,Palakkad,Dr. Vikram Singh,Karuna Hospital,12.388215,76.874929
Rheumatologist,Palakkad,Dr. Anjali Gupta,Vijaya Hospital,8.269043,76.598926
Otolaryngologist,Palakkad,Dr. Amit Verma,Seventh Day Adventist Hospital,8.593018,76.885467
Otolaryngologist,Palakkad,Dr. Sunita Bose,Seventh Day Adventist Hospital,10.546589,76.569951
Otolaryngologist,Palakkad,Dr. Sunita Iyer,Lakshmi Hospital,8.659006,77.446242
Otolaryngologist,Palakkad,Dr. Suresh Iyer,Palakkad District Hospital,10.010754,75.796171
Dermatologist,Malappuram,Dr. Vikram Mehta,Almas Hospital,8.763668,76.427897
Dermatologist,Malappuram,Dr. Amit Patel,Almas Hospital,9.910014,75.547605
Dermatologist,Malappuram,Dr. Sunita Mehta,MES Medical College,12.430502,77.335347
Dermatologist,Malappuram,Dr. Arjun Gupta,Relief Hospital,10.837669,76.467242
Allergist,Malappuram,Dr. Priya Gupta,Almas Hospital,11.818755,76.639894
Allergist,Malappuram,Dr. Sunita Sharma,Manjeri Medical College,11.442878,76.765978
Allergist,Malappuram,Dr. Anjali Patel,Relief Hospital,8.73486,75.770631
Allergist,Malappuram,Dr. Arjun Patel,Manjeri Medical College,11.626021,75.957072
Gastroenterologist,Malappuram,Dr. Sunita Bose,Moulana Hospital,8.816729,76.89939
Gastroenterologist,Malappuram,Dr. Rajesh Nair,Relief Hospital,12.142125,75.175946
Gastroenterologist,Malappuram,Dr. Sunita Singh,MES Medical College,11.444339,75.435153
Gastroenterologist,Malappuram,Dr. Deepak Iyer,MES Medical College,8.368416,75.078534
Hepatologist,Malappuram,Dr. Amit Verma,Moulana Hospital,8.931735,75.3194
Hepatologist,Malappuram,Dr. Vikram Gupta,Relief Hospital,10.313169,76.737768
Hepatologist,Malappuram,Dr. Priya Sharma,MES Medical College,8.174878,76.987621
Hepatologist,Malappuram,Dr. Anjali Singh,MES Medical College,12.0707,75.13067
Osteopathic,Malappuram,Dr. Anjali Verma,Relief Hospital,8.431979,75.163499
Osteopathic,Malappuram,Dr. Amit Bose,Almas Hospital,9.858302,75.604763
Osteopathic,Malappuram,Dr. Anjali Patel,Almas Hospital,9.502676,77.485062
Osteopathic,Malappuram,Dr. Deepak Patel,Relief Hospital,8.710963,75.794068
Endocrinologist,Malappuram,Dr. Priya Singh,Relief Hospital,8.230308,75.774034
Endocrinologist,Malappuram,Dr. Amit Mehta,MES Medical College,9.172776,77.061065
Endocrinologist,Malappuram,Dr. Rajesh Bose,Manjeri Medical College,9.394195,75.166476
Endocrinologist,Malappuram,Dr. Rajesh Nair,Almas Hospital,10.613844,75.760783
Pulmonologist,Malappuram,Dr. Suresh Rao,Relief Hospital,10.798668,76.472413
Pulmonologist,Malappuram,Dr. Suresh Nair,Almas Hospital,8.214503,75.217784
Pulmonologist,Malappuram,Dr. Vikram Mehta,Moulana Hospital,12.004997,75.886835
Pulmonologist,Malappuram,Dr. Amit Rao,Moulana Hospital,9.670483,76.088187
Cardiologist,Malappuram,Dr. Neha Gupta,Relief Hospital,11.363926,76.033335
Cardiologist,Malappuram,Dr. Rajesh Mehta,MES Medical College,8.609278,76.68958
Cardiologist,Malappuram,Dr. Suresh Patel,MES Medical College,11.222438,76.909227
Cardiologist,Malappuram,Dr. Neha Mehta,Relief Hospital,8.075412,76.260962
Neurologist,Malappuram,Dr. Vikram Verma,Moulana Hospital,11.401783,75.685068
Neurologist,Malappuram,Dr. Priya Sharma,MES Medical College,9.148543,75.219234
Neurologist,Malappuram,Dr. Amit Verma,Moulana Hospital,10.05016,76.825581
Neurologist,Malappuram,Dr. Anjali Singh,Manjeri Medical College,10.578142,75.998019
Internal Medicine,Malappuram,Dr. Amit Gupta,Moulana Hospital,11.310123,75.198872
Internal Medicine,Malappuram,Dr. Rajesh Verma,Manjeri Medical College,12.087384,76.958454
Internal Medicine,Malappuram,Dr. Arjun Mehta,Relief Hospital,10.335386,77.3928
Internal Medicine,Malappuram,Dr. Neha Nair,Almas Hospital,8.912306,77.417387
Pediatrician,Malappuram,Dr. Anjali Singh,Moulana Hospital,10.370685,75.037382
Pediatrician,Malappuram,Dr. Suresh Nair,MES Medical College,9.613631,76.252309
Pediatrician,Malappuram,Dr. Neha Mehta,Relief Hospital,9.329038,75.841784
Pediatrician,Malappuram,Dr. Amit Singh,MES Medical College,9.384953,75.914644
Common Cold Specialist,Malappuram,Dr. Priya Rao,Moulana Hospital,12.111725,75.355345
Common Cold Specialist,Malappuram,Dr. Amit Rao,Manjeri Medical College,12.051554,75.70323
Common Cold Specialist,Malappuram,Dr. Anjali Sharma,Moulana Hospital,9.865112,76.902979
Common Cold Specialist,Malappuram,Dr. Neha Gupta,Almas Hospital,9.113406,75.562509
Phlebologist,Malappuram,Dr. Deepak Gupta,Manjeri Medical College,8.719844,77.221124
Phlebologist,Malappuram,Dr. Neha Patel,Almas Hospital,10.863322,75.074451
Phlebologist,Malappuram,Dr. Anjali Iyer,Relief Hospital,8.133551,75.839274
Phlebologist,Malappuram,Dr. Neha Verma,Manjeri Medical College,10.876283,75.336506
Osteoarthritis Specialist,Malappuram,Dr. Anjali Iyer,Almas Hospital,12.057078,75.525028
Osteoarthritis Specialist,Malappuram,Dr. Amit Bose,Relief Hospital,9.416114,75.790201
Osteoarthritis Specialist,Malappuram,Dr. Sunita Nair,Manjeri Medical College,9.302822,77.181622
Osteoarthritis Specialist,Malappuram,Dr. Rajesh Mehta,Almas Hospital,11.361757,75.425886
Rheumatologist,Malappuram,Dr. Suresh Mehta,Moulana Hospital,9.780168,75.50919
Rheumatologist,Malappuram,Dr. Sunita Nair,MES Medical College,8.101649,75.420022
Rheumatologist,Malappuram,Dr. Vikram Bose,Relief Hospital,12.344036,75.985302
Rheumatologist,Malappuram,Dr. Arjun Mehta,Moulana Hospital,11.509069,77.042936
Otolaryngologist,Malappuram,Dr. Anjali Nair,Almas Hospital,10.982499,77.063545
Otolaryngologist,Malappuram,Dr. Vikram Nair,Manjeri Medical College,11.222225,76.084116
Otolaryngologist,Malappuram,Dr. Sunita Mehta,MES Medical College,12.241377,75.177887
Otolaryngologist,Malappuram,Dr. Priya Nair,Relief Hospital,9.340571,75.822206
Dermatologist,Kozhikode,Dr. Suresh Bose,PVS Hospital,10.956486,76.890716
Dermatologist,Kozhikode,Dr. Suresh Mehta,Aster MIMS,11.053604,75.267919
Dermatologist,Kozhikode,Dr. Neha Bose,PVS Hospital,10.036673,75.497506
Dermatologist,Kozhikode,Dr. Vikram Bose,Govt. Medical College Kozhikode,11.101625,75.467398
Allergist,Kozhikode,Dr. Vikram Bose,Fathima Hospital,10.299859,76.538988
Allergist,Kozhikode,Dr. Sunita Singh,Fathima Hospital,10.478774,76.775622
Allergist,Kozhikode,Dr. Priya Gupta,PVS Hospital,12.224538,76.930786
Allergist,Kozhikode,Dr. Vikram Patel,Aster MIMS,9.228794,75.721454
Gastroenterologist,Kozhikode,Dr. Sunita Mehta,Baby Memorial Hospital,12.193907,75.777753
Gastroenterologist,Kozhikode,Dr. Sunita Nair,PVS Hospital,9.642064,76.79036
Gastroenterologist,Kozhikode,Dr. Rajesh Sharma,Aster MIMS,9.805485,76.884642
Gastroenterologist,Kozhikode,Dr. Suresh Gupta,Aster MIMS,10.507478,75.147067
Hepatologist,Kozhikode,Dr. Amit Mehta,Fathima Hospital,12.266039,76.622201
Hepatologist,Kozhikode,Dr. Deepak Patel,Fathima Hospital,8.572329,77.041468
Hepatologist,Kozhikode,Dr. Amit Gupta,Aster MIMS,10.661802,77.03711
Hepatologist,Kozhikode,Dr. Rajesh Bose,Baby Memorial Hospital,11.331794,76.6903
Osteopathic,Kozhikode,Dr. Neha Nair,Aster MIMS,10.743421,77.47107
Osteopathic,Kozhikode,Dr. Vikram Mehta,PVS Hospital,11.368533,75.791395
Osteopathic,Kozhikode,Dr. Suresh Gupta,Aster MIMS,8.324683,76.842799
Osteopathic,Kozhikode,Dr. Arjun Verma,PVS Hospital,8.558407,77.315954
Endocrinologist,Kozhikode,Dr. Suresh Singh,PVS Hospital,11.271002,76.321302
Endocrinologist,Kozhikode,Dr. Arjun Singh,Baby Memorial Hospital,10.942034,77.242567
Endocrinologist,Kozhikode,Dr. Arjun Patel,PVS Hospital,11.201536,75.952906
Endocrinologist,Kozhikode,Dr. Arjun Singh,Govt. Medical College Kozhikode,12.144073,75.551402
Pulmonologist,Kozhikode,Dr. Neha Mehta,Aster MIMS,12.209316,75.758174
Pulmonologist,Kozhikode,Dr. Anjali Rao,Govt. Medical College Kozhikode,9.087216,75.698462
Pulmonologist,Kozhikode,Dr. Vikram Rao,Govt. Medical College Kozhikode,12.073552,75.89805
Pulmonologist,Kozhikode,Dr. Arjun Singh,Fathima Hospital,8.028239,76.412052
Cardiologist,Kozhikode,Dr. Priya Verma,Baby Memorial Hospital,8.678568,75.137308
Cardiologist,Kozhikode,Dr. Deepak Sharma,Govt. Medical College Kozhikode,9.06512,75.076199
Cardiologist,Kozhikode,Dr. Arjun Sharma,Govt. Medical College Kozhikode,9.993682,76.803345
Cardiologist,Kozhikode,Dr. Neha Singh,Baby Memorial Hospital,8.324755,77.04665
Neurologist,Kozhikode,Dr. Priya Gupta,Aster MIMS,12.341867,76.374197
Neurologist,Kozhikode,Dr. Deepak Bose,PVS Hospital,11.355176,77.433962
Neurologist,Kozhikode,Dr. Amit Nair,Baby Memorial Hospital,10.297997,75.828806
Neurologist,Kozhikode,Dr. Suresh Mehta,Baby Memorial Hospital,10.880812,77.209622
Internal Medicine,Kozhikode,Dr. Priya Nair,Baby Memorial Hospital,11.292855,77.064878
Internal Medicine,Kozhikode,Dr. Suresh Verma,Fathima Hospital,9.1277,76.15022
Internal Medicine,Kozhikode,Dr. Suresh Verma,Govt. Medical College Kozhikode,11.584215,76.449746
Internal Medicine,Kozhikode,Dr. Deepak Rao,PVS Hospital,11.129028,76.294591
Pediatrician,Kozhikode,Dr. Suresh Bose,Baby Memorial Hospital,11.695408,77.442599
Pediatrician,Kozhikode,Dr. Sunita Rao,PVS Hospital,9.373163,76.949788
Pediatrician,Kozhikode,Dr. Priya Iyer,Aster MIMS,8.711906,76.960236
Pediatrician,Kozhikode,Dr. Priya Verma,Fathima Hospital,12.424152,76.382762
Common Cold Specialist,Kozhikode,Dr. Suresh Iyer,PVS Hospital,11.911376,75.175158
Common Cold Specialist,Kozhikode,Dr. Priya Gupta,Aster MIMS,12.150762,76.435842
Common Cold Specialist,Kozhikode,Dr. Vikram Iyer,Aster MIMS,9.21111,77.321564
Common Cold Specialist,Kozhikode,Dr. Arjun Nair,Aster MIMS,8.853985,76.815989
Phlebologist,Kozhikode,Dr. Arjun Patel,Govt. Medical College Kozhikode,9.176158,77.428047
Phlebologist,Kozhikode,Dr. Priya Mehta,Govt. Medical College Kozhikode,11.771333,77.187426
Phlebologist,Kozhikode,Dr. Vikram Mehta,PVS Hospital,12.428779,75.564822
Phlebologist,Kozhikode,Dr. Anjali Nair,Govt. Medical College Kozhikode,10.584929,75.275183
Osteoarthritis Specialist,Kozhikode,Dr. Suresh Sharma,PVS Hospital,10.151571,76.889663
Osteoarthritis Specialist,Kozhikode,Dr. Priya Iyer,Baby Memorial Hospital,10.329546,76.346277
Osteoarthritis Specialist,Kozhikode,Dr. Sunita Patel,PVS Hospital,9.135098,76.958774
Osteoarthritis Specialist,Kozhikode,Dr. Priya Sharma,PVS Hospital,9.327578,76.383406
Rheumatologist,Kozhikode,Dr. Suresh Nair,Govt. Medical College Kozhikode,10.478169,75.101447
Rheumatologist,Kozhikode,Dr. Priya Rao,PVS Hospital,8.50165,75.389
Rheumatologist,Kozhikode,Dr. Anjali Rao,Fathima Hospital,9.515075,75.23592
Rheumatologist,Kozhikode,Dr. Priya Patel,Govt. Medical College Kozhikode,10.137104,77.12575
Otolaryngologist,Kozhikode,Dr. Vikram Patel,Fathima Hospital,12.009634,77.035017
Otolaryngologist,Kozhikode,Dr. Neha Patel,PVS Hospital,10.169124,76.100062
Otolaryngologist,Kozhikode,Dr. Arjun Singh,Aster MIMS,11.271239,76.886996
Otolaryngologist,Kozhikode,Dr. Anjali Sharma,Govt. Medical College Kozhikode,11.044151,75.823944
Dermatologist,Wayanad,Dr. Deepak Iyer,Assumption Hospital,11.125538,75.112976
Dermatologist,Wayanad,Dr. Suresh Gupta,Assumption Hospital,11.221443,75.112729
Dermatologist,Wayanad,Dr. Neha Verma,Good Shepherd Hospital,8.26817,76.327404
Dermatologist,Wayanad,Dr. Amit Bose,DM Wayanad Institute of Medical Sciences,8.112334,75.610211
Allergist,Wayanad,Dr. Suresh Gupta,Assumption Hospital,9.63897,76.976598
Allergist,Wayanad,Dr. Amit Rao,Assumption Hospital,10.565795,76.987981
Allergist,Wayanad,Dr. Sunita Verma,Good Shepherd Hospital,10.473041,75.704827
Allergist,Wayanad,Dr. Anjali Singh,Assumption Hospital,9.253958,76.003128
Gastroenterologist,Wayanad,Dr. Priya Rao,Malabar Hospital,8.413807,76.0635
Gastroenterologist,Wayanad,Dr. Sunita Mehta,DM Wayanad Institute of Medical Sciences,8.871098,75.093087
Gastroenterologist,Wayanad,Dr. Deepak Bose,DM Wayanad Institute of Medical Sciences,8.099299,76.923597
Gastroenterologist,Wayanad,Dr. Amit Nair,Malabar Hospital,9.165226,77.130018
Hepatologist,Wayanad,Dr. Arjun Rao,DM Wayanad Institute of Medical Sciences,10.032093,75.534686
Hepatologist,Wayanad,Dr. Vikram Patel,DM Wayanad Institute of Medical Sciences,10.363734,75.346017
Hepatologist,Wayanad,Dr. Sunita Nair,Malabar Hospital,10.238683,76.512481
Hepatologist,Wayanad,Dr. Amit Patel,Malabar Hospital,10.032184,76.205694
Osteopathic,Wayanad,Dr. Deepak Patel,Assumption Hospital,8.056289,76.317495
Osteopathic,Wayanad,Dr. Arjun Nair,Assumption Hospital,8.981004,76.548244
Osteopathic,Wayanad,Dr. Priya Nair,DM Wayanad Institute of Medical Sciences,12.36686,76.977204
Osteopathic,Wayanad,Dr. Rajesh Nair,Assumption Hospital,11.27668,76.397604
Endocrinologist,Wayanad,Dr. Amit Nair,Assumption Hospital,10.907554,77.350827
Endocrinologist,Wayanad,Dr. Amit Singh,DM Wayanad Institute of Medical Sciences,8.263694,75.91387
Endocrinologist,Wayanad,Dr. Sunita Bose,Malabar Hospital,8.156967,76.479574
Endocrinologist,Wayanad,Dr. Neha Iyer,Good Shepherd Hospital,8.207651,75.334553
Pulmonologist,Wayanad,Dr. Suresh Verma,Assumption Hospital,12.012674,75.273716
Pulmonologist,Wayanad,Dr. Suresh Gupta,Assumption Hospital,10.794372,75.139537
Pulmonologist,Wayanad,Dr. Neha Sharma,Assumption Hospital,8.266804,75.575003
Pulmonologist,Wayanad,Dr. Anjali Patel,DM Wayanad Institute of Medical Sciences,9.504018,77.279509
Cardiologist,Wayanad,Dr. Suresh Patel,DM Wayanad Institute of Medical Sciences,11.115172,77.133455
Cardiologist,Wayanad,Dr. Priya Mehta,Malabar Hospital,11.735635,77.383103
Cardiologist,Wayanad,Dr. Amit Rao,Good Shepherd Hospital,8.623048,76.239647
Cardiologist,Wayanad,Dr. Arjun Sharma,Good Shepherd Hospital,9.91619,77.267012
Neurologist,Wayanad,Dr. Neha Patel,Malabar Hospital,9.092045,76.3152
Neurologist,Wayanad,Dr. Suresh Nair,Good Shepherd Hospital,12.208412,75.42698
Neurologist,Wayanad,Dr. Arjun Sharma,Malabar Hospital,12.151208,75.369274
Neurologist,Wayanad,Dr. Deepak Mehta,Good Shepherd Hospital,9.281745,75.411122
Internal Medicine,Wayanad,Dr. Suresh Iyer,Good Shepherd Hospital,9.259119,75.965651
Internal Medicine,Wayanad,Dr. Suresh Patel,DM Wayanad Institute of Medical Sciences,9.193405,75.283739
Internal Medicine,Wayanad,Dr. Sunita Nair,Assumption Hospital,10.366531,77.328174
Internal Medicine,Wayanad,Dr. Sunita Sharma,Assumption Hospital,11.923387,75.729996
Pediatrician,Wayanad,Dr. Neha Nair,Good Shepherd Hospital,10.438613,77.455968
Pediatrician,Wayanad,Dr. Anjali Mehta,Malabar Hospital,8.536904,75.237207
Pediatrician,Wayanad,Dr. Suresh Sharma,Malabar Hospital,10.983334,76.62246
Pediatrician,Wayanad,Dr. Amit Rao,Good Shepherd Hospital,9.848098,77.427732
Common Cold Specialist,Wayanad,Dr. Arjun Verma,Malabar Hospital,8.908641,75.923219
Common Cold Specialist,Wayanad,Dr. Neha Iyer,Malabar Hospital,11.115049,77.173312
Common Cold Specialist,Wayanad,Dr. Anjali Verma,Malabar Hospital,11.690188,77.34418
Common Cold Specialist,Wayanad,Dr. Sunita Iyer,Malabar Hospital,9.419793,77.250943
Phlebologist,Wayanad,Dr. Arjun Verma,Malabar Hospital,12.360051,75.138768
Phlebologist,Wayanad,Dr. Neha Verma,Assumption Hospital,10.220449,75.233483
Phlebologist,Wayanad,Dr. Neha Nair,Malabar Hospital,8.461652,76.815162
Phlebologist,Wayanad,Dr. Neha Nair,Malabar Hospital,9.518738,76.125091
Osteoarthritis Specialist,Wayanad,Dr. Deepak Patel,Assumption Hospital,10.205762,75.948772
Osteoarthritis Specialist,Wayanad,Dr. Anjali Iyer,Good Shepherd Hospital,9.494909,77.091209
Osteoarthritis Specialist,Wayanad,Dr. Vikram Sharma,Good Shepherd Hospital,10.612657,75.074423
Osteoarthritis Specialist,Wayanad,Dr. Rajesh Verma,DM Wayanad Institute of Medical Sciences,9.702353,75.982291
Rheumatologist,Wayanad,Dr. Sunita Nair,Assumption Hospital,11.525653,75.546605
Rheumatologist,Wayanad,Dr. Neha Nair,Good Shepherd Hospital,9.529237,76.129601
Rheumatologist,Wayanad,Dr. Anjali Iyer,Malabar Hospital,12.190009,77.429445
Rheumatologist,Wayanad,Dr. Neha Singh,Malabar Hospital,8.492766,75.486795
Otolaryngologist,Wayanad,Dr. Priya Rao,Assumption Hospital,10.311116,77.088874
Otolaryngologist,Wayanad,Dr. Suresh Nair,Assumption Hospital,9.82167,75.464986
Otolaryngologist,Wayanad,Dr. Suresh Singh,Malabar Hospital,9.602027,77.485682
Otolaryngologist,Wayanad,Dr. Neha Singh,Assumption Hospital,10.55637,76.440457
Dermatologist,Kannur,Dr. Suresh Bose,Indira Gandhi Co-operative Hospital,8.232788,76.674505
Dermatologist,Kannur,Dr. Neha Sharma,Pariyaram Medical College,11.326793,76.980088
Dermatologist,Kannur,Dr. Rajesh Verma,Indira Gandhi Co-operative Hospital,9.058495,75.721117
Dermatologist,Kannur,Dr. Suresh Iyer,Indira Gandhi Co-operative Hospital,9.2121,76.506735
Allergist,Kannur,Dr. Neha Nair,AKG Memorial Hospital,9.490701,77.121692
Allergist,Kannur,Dr. Amit Iyer,Anjarakandy Medical College,10.130009,77.18511
Allergist,Kannur,Dr. Vikram Rao,Anjarakandy Medical College,12.07481,75.140324
Allergist,Kannur,Dr. Deepak Gupta,AKG Memorial Hospital,8.466004,75.426734
Gastroenterologist,Kannur,Dr. Priya Mehta,AKG Memorial Hospital,9.309005,75.826479
Gastroenterologist,Kannur,Dr. Rajesh Singh,Pariyaram Medical College,10.686641,75.408084
Gastroenterologist,Kannur,Dr. Deepak Patel,Indira Gandhi Co-operative Hospital,8.007545,75.050474
Gastroenterologist,Kannur,Dr. Rajesh Mehta,Pariyaram Medical College,8.891788,76.275327
Hepatologist,Kannur,Dr. Suresh Mehta,Anjarakandy Medical College,10.797273,75.190522
Hepatologist,Kannur,Dr. Priya Patel,Indira Gandhi Co-operative Hospital,11.764234,76.619046
Hepatologist,Kannur,Dr. Priya Rao,Anjarakandy Medical College,12.380793,77.196615
Hepatologist,Kannur,Dr. Amit Sharma,Anjarakandy Medical College,8.878128,76.342478
Osteopathic,Kannur,Dr. Priya Singh,AKG Memorial Hospital,10.460928,76.815756
Osteopathic,Kannur,Dr. Deepak Nair,AKG Memorial Hospital,12.188461,76.196114
Osteopathic,Kannur,Dr. Vikram Gupta,AKG Memorial Hospital,12.278518,77.424957
Osteopathic,Kannur,Dr. Anjali Verma,Indira Gandhi Co-operative Hospital,10.421075,77.052285
Endocrinologist,Kannur,Dr. Rajesh Patel,Anjarakandy Medical College,9.779505,76.327696
Endocrinologist,Kannur,Dr. Deepak Rao,Anjarakandy Medical College,11.070992,75.380931
Endocrinologist,Kannur,Dr. Arjun Iyer,Indira Gandhi Co-operative Hospital,9.465737,76.836916
Endocrinologist,Kannur,Dr. Sunita Gupta,Indira Gandhi Co-operative Hospital,11.100614,76.368113
Pulmonologist,Kannur,Dr. Suresh Mehta,Anjarakandy Medical College,10.139324,75.572336
Pulmonologist,Kannur,Dr. Neha Rao,AKG Memorial Hospital,11.280171,75.84972
Pulmonologist,Kannur,Dr. Rajesh Rao,Anjarakandy Medical College,8.856421,75.455349
Pulmonologist,Kannur,Dr. Vikram Singh,Anjarakandy Medical College,9.674,76.052543
Cardiologist,Kannur,Dr. Sunita Patel,Anjarakandy Medical College,10.058936,75.581359
Cardiologist,Kannur,Dr. Priya Iyer,Anjarakandy Medical College,8.916009,76.128017
Cardiologist,Kannur,Dr. Suresh Nair,Pariyaram Medical College,10.884981,75.047841
Cardiologist,Kannur,Dr. Vikram Bose,AKG Memorial Hospital,12.307093,76.641101
Neurologist,Kannur,Dr. Neha Rao,Pariyaram Medical College,9.476034,76.507678
Neurologist,Kannur,Dr. Suresh Rao,AKG Memorial Hospital,10.975952,75.245827
Neurologist,Kannur,Dr. Sunita Mehta,Pariyaram Medical College,8.067156,77.200234
Neurologist,Kannur,Dr. Neha Singh,Anjarakandy Medical College,11.535198,77.337615
Internal Medicine,Kannur,Dr. Vikram Bose,Pariyaram Medical College,8.915442,77.065638
Internal Medicine,Kannur,Dr. Suresh Gupta,Indira Gandhi Co-operative Hospital,11.549828,75.415751
Internal Medicine,Kannur,Dr. Neha Sharma,Anjarakandy Medical College,9.54533,75.788901
Internal Medicine,Kannur,Dr. Priya Mehta,AKG Memorial Hospital,12.351061,76.681283
Pediatrician,Kannur,Dr. Priya Sharma,Anjarakandy Medical College,11.526221,75.453337
Pediatrician,Kannur,Dr. Sunita Nair,Indira Gandhi Co-operative Hospital,10.980978,75.671302
Pediatrician,Kannur,Dr. Suresh Bose,Indira Gandhi Co-operative Hospital,10.585817,75.999553
Pediatrician,Kannur,Dr. Sunita Verma,Pariyaram Medical College,8.713619,75.517793
Common Cold Specialist,Kannur,Dr. Rajesh Singh,Pariyaram Medical College,9.247482,75.963181
Common Cold Specialist,Kannur,Dr. Anjali Nair,Indira Gandhi Co-operative Hospital,8.721461,75.910146
Common Cold Specialist,Kannur,Dr. Anjali Singh,Indira Gandhi Co-operative Hospital,8.427868,75.768227
Common Cold Specialist,Kannur,Dr. Amit Iyer,Anjarakandy Medical College,10.044103,75.508545
Phlebologist,Kannur,Dr. Suresh Singh,Indira Gandhi Co-operative Hospital,11.608845,76.358336
Phlebologist,Kannur,Dr. Rajesh Gupta,Anjarakandy Medical College,10.065198,75.514462
Phlebologist,Kannur,Dr. Arjun Gupta,Pariyaram Medical College,8.982743,76.085986
Phlebologist,Kannur,Dr. Amit Iyer,Anjarakandy Medical College,9.989385,77.464682
Osteoarthritis Specialist,Kannur,Dr. Rajesh Sharma,Indira Gandhi Co-operative Hospital,10.527624,76.655784
Osteoarthritis Specialist,Kannur,Dr. Suresh Nair,Indira Gandhi Co-operative Hospital,10.506706,77.067115
Osteoarthritis Specialist,Kannur,Dr. Vikram Nair,AKG Memorial Hospital,8.155943,76.502242
Osteoarthritis Specialist,Kannur,Dr. Amit Bose,AKG Memorial Hospital,10.877223,75.088526
Rheumatologist,Kannur,Dr. Sunita Bose,AKG Memorial Hospital,11.657741,75.436159
Rheumatologist,Kannur,Dr. Deepak Nair,Indira Gandhi Co-operative Hospital,12.34863,75.882927
Rheumatologist,Kannur,Dr. Neha Nair,Anjarakandy Medical College,9.22469,75.835259
Rheumatologist,Kannur,Dr. Deepak Gupta,Indira Gandhi Co-operative Hospital,9.086969,75.496564
Otolaryngologist,Kannur,Dr. Arjun Mehta,Anjarakandy Medical College,10.611051,77.201717
Otolaryngologist,Kannur,Dr. Arjun Iyer,Anjarakandy Medical College,10.006358,77.175813
Otolaryngologist,Kannur,Dr. Neha Singh,Anjarakandy Medical College,10.031877,76.803202
Otolaryngologist,Kannur,Dr. Vikram Singh,Pariyaram Medical College,10.154785,76.745465
Dermatologist,Kasaragod,Dr. Priya Verma,General Hospital Kasaragod,12.210556,75.597797
Dermatologist,Kasaragod,Dr. Amit Bose,Kanhangad District Hospital,11.373053,75.07117
Dermatologist,Kasaragod,Dr. Arjun Rao,General Hospital Kasaragod,10.08086,75.162685
Dermatologist,Kasaragod,Dr. Amit Mehta,Kanhangad District Hospital,12.482209,77.256891
Allergist,Kasaragod,Dr. Anjali Singh,Malik Deenar Hospital,10.477351,77.269489
Allergist,Kasaragod,Dr. Neha Iyer,General Hospital Kasaragod,12.056881,77.037717
Allergist,Kasaragod,Dr. Deepak Sharma,General Hospital Kasaragod,12.30569,75.74663
Allergist,Kasaragod,Dr. Rajesh Patel,General Hospital Kasaragod,10.664893,75.706408
Gastroenterologist,Kasaragod,Dr. Anjali Rao,Kanhangad District Hospital,8.306681,75.270046
Gastroenterologist,Kasaragod,Dr. Deepak Verma,Jeevan Jyothi Hospital,11.872232,75.379638
Gastroenterologist,Kasaragod,Dr. Sunita Singh,Kanhangad District Hospital,11.467151,76.106647
Gastroenterologist,Kasaragod,Dr. Vikram Nair,Malik Deenar Hospital,8.850249,77.363936
Hepatologist,Kasaragod,Dr. Priya Nair,Jeevan Jyothi Hospital,8.651378,75.465346
Hepatologist,Kasaragod,Dr. Amit Rao,General Hospital Kasaragod,11.208322,75.345197
Hepatologist,Kasaragod,Dr. Amit Bose,General Hospital Kasaragod,8.845789,76.011901
Hepatologist,Kasaragod,Dr. Amit Patel,Kanhangad District Hospital,11.48364,77.403209
Osteopathic,Kasaragod,Dr. Arjun Verma,Malik Deenar Hospital,10.40337,75.035687
Osteopathic,Kasaragod,Dr. Rajesh Gupta,Kanhangad District Hospital,9.706145,75.986507
Osteopathic,Kasaragod,Dr. Arjun Gupta,Malik Deenar Hospital,11.784968,76.030914
Osteopathic,Kasaragod,Dr. Rajesh Rao,Jeevan Jyothi Hospital,8.59297,75.621788
Endocrinologist,Kasaragod,Dr. Arjun Verma,Malik Deenar Hospital,10.598163,75.271585
Endocrinologist,Kasaragod,Dr. Deepak Mehta,Malik Deenar Hospital,8.756996,77.163537
Endocrinologist,Kasaragod,Dr. Vikram Gupta,General Hospital Kasaragod,11.458954,75.892728
Endocrinologist,Kasaragod,Dr. Sunita Nair,Jeevan Jyothi Hospital,8.420187,75.038959
Pulmonologist,Kasaragod,Dr. Sunita Iyer,General Hospital Kasaragod,8.984974,75.33261
Pulmonologist,Kasaragod,Dr. Priya Rao,Jeevan Jyothi Hospital,10.215461,75.370189
Pulmonologist,Kasaragod,Dr. Rajesh Iyer,Malik Deenar Hospital,11.681395,76.290708
Pulmonologist,Kasaragod,Dr. Rajesh Iyer,General Hospital Kasaragod,10.631793,77.16252
Cardiologist,Kasaragod,Dr. Vikram Singh,Malik Deenar Hospital,10.750617,77.166681
Cardiologist,Kasaragod,Dr. Neha Gupta,Malik Deenar Hospital,11.093256,76.76564
Cardiologist,Kasaragod,Dr. Suresh Mehta,Malik Deenar Hospital,9.289482,75.923886
Cardiologist,Kasaragod,Dr. Suresh Gupta,General Hospital Kasaragod,8.767908,75.571048
Neurologist,Kasaragod,Dr. Rajesh Rao,Jeevan Jyothi Hospital,10.932773,75.664812
Neurologist,Kasaragod,Dr. Vikram Gupta,Jeevan Jyothi Hospital,10.232435,76.627382
Neurologist,Kasaragod,Dr. Priya Nair,Jeevan Jyothi Hospital,11.586269,75.942746
Neurologist,Kasaragod,Dr. Anjali Rao,Malik Deenar Hospital,11.386557,75.707367
Internal Medicine,Kasaragod,Dr. Sunita Patel,Kanhangad District Hospital,11.331143,75.582864
Internal Medicine,Kasaragod,Dr. Rajesh Sharma,General Hospital Kasaragod,10.925345,77.079237
Internal Medicine,Kasaragod,Dr. Neha Rao,General Hospital Kasaragod,10.75881,77.013335
Internal Medicine,Kasaragod,Dr. Suresh Iyer,General Hospital Kasaragod,12.43528,76.355811
Pediatrician,Kasaragod,Dr. Sunita Nair,General Hospital Kasaragod,10.354762,75.965437
Pediatrician,Kasaragod,Dr. Sunita Patel,Malik Deenar Hospital,8.286933,75.493793
Pediatrician,Kasaragod,Dr. Sunita Sharma,General Hospital Kasaragod,8.798709,76.258799
Pediatrician,Kasaragod,Dr. Neha Verma,Jeevan Jyothi Hospital,11.028333,76.812924
Common Cold Specialist,Kasaragod,Dr. Vikram Rao,Kanhangad District Hospital,10.66629,76.566705
Common Cold Specialist,Kasaragod,Dr. Vikram Patel,Jeevan Jyothi Hospital,8.253057,75.504303
Common Cold Specialist,Kasaragod,Dr. Anjali Nair,Malik Deenar Hospital,9.102575,76.067845
Common Cold Specialist,Kasaragod,Dr. Neha Rao,General Hospital Kasaragod,10.693054,76.220165
Phlebologist,Kasaragod,Dr. Deepak Rao,Malik Deenar Hospital,11.687084,76.469459
Phlebologist,Kasaragod,Dr. Anjali Mehta,Malik Deenar Hospital,8.680126,76.828254
Phlebologist,Kasaragod,Dr. Deepak Sharma,General Hospital Kasaragod,8.449952,77.340219
Phlebologist,Kasaragod,Dr. Neha Iyer,Jeevan Jyothi Hospital,9.564644,76.125352
Osteoarthritis Specialist,Kasaragod,Dr. Anjali Sharma,Kanhangad District Hospital,9.202328,76.613074
Osteoarthritis Specialist,Kasaragod,Dr. Anjali Verma,Jeevan Jyothi Hospital,8.663235,75.609072
Osteoarthritis Specialist,Kasaragod,Dr. Neha Nair,Jeevan Jyothi Hospital,8.963753,75.244862
Osteoarthritis Specialist,Kasaragod,Dr. Rajesh Singh,General Hospital Kasaragod,11.381276,76.761548
Rheumatologist,Kasaragod,Dr. Suresh Verma,General Hospital Kasaragod,8.626319,75.003467
Rheumatologist,Kasaragod,Dr. Sunita Verma,Jeevan Jyothi Hospital,10.752545,75.930631
Rheumatologist,Kasaragod,Dr. Deepak Singh,Jeevan Jyothi Hospital,11.975134,76.156915
Rheumatologist,Kasaragod,Dr. Arjun Rao,Kanhangad District Hospital,11.840606,76.132605
Otolaryngologist,Kasaragod,Dr. Neha Patel,Jeevan Jyothi Hospital,11.016703,75.872747
Otolaryngologist,Kasaragod,Dr. Priya Patel,General Hospital Kasaragod,12.148227,76.605612
Otolaryngologist,Kasaragod,Dr. Vikram Verma,General Hospital Kasaragod,8.854928,77.063954
Otolaryngologist,Kasaragod,Dr. Arjun Verma,Malik Deenar Hospital,11.551951,75.198996
